"REC_ID","F_STATUS","PATNO","EVENT_ID","PAG_NAME","INFODT","DATSCAN","DATSCNDT","SCNLOC","SCNINJCT","DATXFRYN","VSINTRPT","VSRPTELG","ORIG_ENTRY","LAST_UPDATE","QUERY","SITE_APRV"
"232591601","S","3400","SC","DATSCAN","07/2010","1","07/2010","1","","1","1","","07/2010","2020-06-29 14:40:02","","07/2010"
"303852201","S","3400","V04","DATSCAN","07/2011","1","07/2011","1","","1","","","07/2011","2020-06-29 14:40:03","","07/2011"
"354448901","S","3400","V06","DATSCAN","07/2012","1","07/2012","1","","1","","","07/2012","2020-06-29 14:40:04","","07/2012"
"447854101","S","3400","V10","DATSCAN","07/2014","1","07/2014","1","","1","","","07/2014","2020-06-29 14:40:05","","07/2014"
"232521601","S","3401","SC","DATSCAN","07/2010","1","07/2010","1","","1","2","","07/2010","2020-06-29 14:40:25","","07/2010"
"231793201","S","3402","SC","DATSCAN","07/2010","1","07/2010","1","","1","2","","07/2010","2020-06-29 14:49:45","","07/2010"
"418316901","S","3402","V06","DATSCAN","11/2013","1","11/2013","1","","1","2","","11/2013","2020-06-29 14:49:47","","11/2013"
"231702601","S","3403","SC","DATSCAN","07/2010","1","07/2010","1","","1","1","","07/2010","2020-06-29 14:40:45","","07/2010"
"305483101","S","3403","V04","DATSCAN","07/2011","1","07/2011","1","","1","","","07/2011","2020-06-29 14:40:46","","07/2011"
"354613101","S","3403","V06","DATSCAN","07/2012","1","07/2012","1","","1","","","07/2012","2020-06-29 14:40:47","","07/2012"
"451175801","S","3403","V10","DATSCAN","08/2014","1","08/2014","1","","1","","","08/2014","2020-06-29 14:40:48","","08/2014"
"234574801","S","3404","SC","DATSCAN","07/2010","1","07/2010","1","","1","2","","07/2010","2020-06-29 14:41:42","","07/2010"
"232502801","S","3405","SC","DATSCAN","07/2010","1","07/2010","1","","1","2","","07/2010","2020-01-13 15:16:51","","07/2010"
"235907501","S","3406","SC","DATSCAN","07/2010","1","07/2010","1","","1","1","","07/2010","2020-06-29 14:42:10","","07/2010"
"306826501","S","3406","V04","DATSCAN","07/2011","1","07/2011","1","","1","","","07/2011","2020-06-29 14:42:12","","07/2011"
"360847901","S","3406","V06","DATSCAN","08/2012","1","08/2012","1","","1","","","08/2012","2020-06-29 14:42:12","","08/2012"
"456502101","S","3406","V10","DATSCAN","09/2014","1","09/2014","1","","1","","","09/2014","2020-06-29 14:42:13","","09/2014"
"245361501","S","3407","SC","DATSCAN","09/2010","1","09/2010","1","","1","1","","09/2010","2020-06-29 14:43:07","","09/2010"
"312602701","S","3407","V04","DATSCAN","09/2011","1","09/2011","1","","1","","","09/2011","2020-06-29 14:43:08","","09/2011"
"364484401","S","3407","V06","DATSCAN","09/2012","1","09/2012","1","","1","","","09/2012","2020-06-29 14:43:09","","09/2012"
"465619901","S","3407","V10","DATSCAN","10/2014","1","10/2014","1","","1","","","10/2014","2020-06-29 14:43:10","","10/2014"
"251116601","S","3100","SC","DATSCAN","10/2010","1","10/2010","1","","1","2","","10/2010","2020-05-29 09:10:25","","12/2010"
"254625401","S","3150","SC","DATSCAN","10/2010","1","10/2010","1","","1","1","","11/2010","2020-06-30 09:43:49","","12/2010"
"325883101","S","3150","V04","DATSCAN","11/2011","1","11/2011","1","","1","","","12/2011","2020-06-30 09:43:50","","12/2011"
"376614301","S","3150","V06","DATSCAN","11/2012","1","11/2012","1","","1","","","12/2012","2020-06-30 09:43:51","","12/2012"
"772168401","S","3150","V10","DATSCAN","12/2014","0","","","","","","","06/2020","2020-06-30 09:43:52","","06/2020"
"254633101","S","3151","SC","DATSCAN","10/2010","1","10/2010","1","","1","2","","11/2010","2020-06-30 09:44:04","","12/2010"
"247338401","S","3050","SC","DATSCAN","09/2010","1","09/2010","1","","1","2","","09/2010","2020-06-24 12:33:17","","11/2010"
"429663901","S","3050","V06","DATSCAN","02/2014","1","02/2014","1","","1","1","","03/2014","2020-06-24 12:34:24","","03/2014"
"560124701","S","3050","V10","DATSCAN","03/2016","1","03/2016","1","","1","","","03/2016","2020-06-24 12:35:00","","03/2016"
"247501701","S","3409","SC","DATSCAN","09/2010","1","09/2010","1","","1","1","","09/2010","2020-06-29 14:43:38","","10/2010"
"317882501","S","3409","V04","DATSCAN","10/2011","1","10/2011","1","","1","","","10/2011","2020-06-29 14:43:40","","10/2011"
"366576301","S","3409","V06","DATSCAN","10/2012","1","10/2012","1","","1","","","10/2012","2020-06-29 14:43:40","","10/2012"
"470158301","S","3409","V10","DATSCAN","10/2014","1","10/2014","1","","1","","","10/2014","2020-06-29 14:43:41","","10/2014"
"251135601","S","3550","SC","DATSCAN","10/2010","1","10/2010","1","","1","2","","10/2010","2020-06-30 12:09:43","","01/2011"
"429845701","S","3550","V06","DATSCAN","03/2014","1","03/2014","1","","1","2","","03/2014","2020-06-30 12:09:44","","03/2014"
"256084401","S","3408","SC","DATSCAN","10/2010","1","10/2010","1","","1","2","","11/2010","2020-06-30 08:35:21","","11/2010"
"416375601","S","3408","V06","DATSCAN","11/2013","1","11/2013","1","","1","2","","11/2013","2020-06-30 08:35:23","","11/2013"
"250091601","S","3051","SC","DATSCAN","10/2010","1","10/2010","1","","1","1","","10/2010","2020-06-24 12:33:18","","11/2010"
"321964601","S","3051","V04","DATSCAN","11/2011","1","11/2011","1","","1","","","11/2011","2020-06-24 12:33:39","","11/2011"
"378566701","S","3051","V06","DATSCAN","11/2012","1","11/2012","1","","1","","","12/2012","2020-06-24 12:33:57","","01/2013"
"479459901","S","3051","V10","DATSCAN","11/2014","1","11/2014","1","","1","","","11/2014","2020-06-24 12:34:36","","11/2014"
"253640301","S","3500","SC","DATSCAN","10/2010","1","10/2010","1","","1","1","","11/2010","2020-06-22 12:30:01","","12/2010"
"326389001","S","3500","V04","DATSCAN","12/2011","1","12/2011","1","","1","","","12/2011","2020-06-22 12:30:03","","12/2011"
"375739101","S","3500","V06","DATSCAN","11/2012","1","11/2012","1","","1","","","12/2012","2020-06-22 12:30:03","","12/2012"
"457257901","S","3500","U01","DATSCAN","11/2013","1","11/2013","1","","1","","","09/2014","2020-06-22 12:30:03","","09/2014"
"483122501","S","3500","V10","DATSCAN","12/2014","1","12/2014","1","","1","","","12/2014","2020-06-22 12:30:05","","12/2014"
"767374101","S","3500","U02","DATSCAN","12/2015","1","12/2015","1","1","1","","","02/2020","2020-06-22 12:30:03","","02/2020"
"252206001","S","3450","SC","DATSCAN","10/2010","1","10/2010","1","","1","2","","10/2010","2020-01-14 09:11:30","","11/2010"
"249956701","S","3410","SC","DATSCAN","10/2010","1","10/2010","1","","1","2","","10/2010","2020-06-29 14:43:59","","10/2010"
"252590301","S","3501","SC","DATSCAN","10/2010","1","10/2010","1","","1","1","","10/2010","2020-06-22 12:31:28","","12/2010"
"334021101","S","3501","V04","DATSCAN","12/2011","0","","","","","","","02/2012","2020-06-22 12:31:30","","02/2012"
"390345501","S","3501","V06","DATSCAN","01/2013","0","","","","","","","03/2013","2020-06-22 12:31:30","","03/2013"
"546552101","S","3501","U01","DATSCAN","12/2015","1","12/2015","1","","1","","","12/2015","2021-10-13 00:00:00","","12/2015"
"252590401","S","3502","SC","DATSCAN","10/2010","1","10/2010","1","","1","1","","10/2010","2020-01-14 11:11:26","","12/2010"
"327343401","S","3502","V04","DATSCAN","12/2011","1","12/2011","1","","1","","","12/2011","2020-01-14 11:11:27","","12/2011"
"375739701","S","3502","V06","DATSCAN","11/2012","1","11/2012","1","","1","","","12/2012","2020-01-14 11:11:28","","12/2012"
"457261901","S","3502","U01","DATSCAN","11/2013","1","11/2013","1","","1","","","09/2014","2020-01-14 11:11:27","","09/2014"
"483156201","S","3502","V10","DATSCAN","12/2014","1","12/2014","1","","1","","","12/2014","2020-01-14 11:11:29","","12/2014"
"587019701","S","3502","U02","DATSCAN","12/2015","1","12/2015","1","","1","","","08/2016","2020-01-14 11:11:27","","08/2016"
"250457601","S","3551","SC","DATSCAN","10/2010","1","10/2010","1","","1","2","","10/2010","2020-06-30 12:10:05","","01/2011"
"251447401","S","3101","SC","DATSCAN","10/2010","1","10/2010","1","","1","2","","10/2010","2020-05-29 10:11:19","","12/2010"
"454334401","S","3101","V06","DATSCAN","08/2014","1","08/2014","1","","1","1","","08/2014","2020-05-29 10:14:42","","08/2014"
"251481501","S","3103","SC","DATSCAN","10/2010","1","10/2010","1","","1","2","","10/2010","2020-02-12 14:30:06","","12/2010"
"255881301","S","3152","SC","DATSCAN","11/2010","1","11/2010","1","","1","2","","11/2010","2020-02-12 14:30:45","","12/2010"
"255880601","S","3153","SC","DATSCAN","11/2010","0","","","","","","","11/2010","2020-02-12 14:30:55","","12/2010"
"255379801","S","3503","SC","DATSCAN","11/2010","1","11/2010","1","","1","2","","11/2010","2020-06-25 15:20:41","","12/2010"
"256037101","S","3411","SC","DATSCAN","11/2010","1","11/2010","1","","1","2","","11/2010","2020-06-29 14:44:56","","11/2010"
"254856101","S","3650","SC","DATSCAN","10/2010","1","10/2010","1","","1","1","","11/2010","2020-01-16 09:49:48","","12/2010"
"326045201","S","3650","V04","DATSCAN","12/2011","1","12/2011","1","","1","","","12/2011","2020-01-16 09:49:49","","12/2011"
"379673501","S","3650","V06","DATSCAN","11/2012","1","11/2012","1","","1","","","12/2012","2020-01-16 09:49:50","","12/2012"
"490075901","S","3650","V10","DATSCAN","12/2014","1","12/2014","1","","1","","","12/2014","2020-01-16 09:49:51","","12/2014"
"546460501","S","3650","V12","DATSCAN","11/2015","0","","","","","","","12/2015","2020-01-16 09:49:51","","12/2015"
"258504301","S","3451","SC","DATSCAN","11/2010","1","11/2010","1","","1","1","","11/2010","2020-06-24 18:53:51","","11/2010"
"327673601","S","3451","V04","DATSCAN","12/2011","1","12/2011","1","","1","1","","12/2011","2020-06-24 18:53:53","","12/2011"
"377609301","S","3451","V06","DATSCAN","12/2012","1","12/2012","1","","1","","","12/2012","2020-06-24 18:53:53","","12/2012"
"486455901","S","3451","V10","DATSCAN","12/2014","1","12/2014","1","","1","","","12/2014","2020-06-24 18:53:55","","12/2014"
"255289501","S","3102","SC","DATSCAN","10/2010","1","10/2010","1","","1","1","","11/2010","2020-01-02 13:27:11","","12/2010"
"321954401","S","3102","ST","DATSCAN","11/2011","0","","","","","","","11/2011","2020-01-02 13:27:11","","12/2011"
"347947501","S","3102","V04","DATSCAN","05/2012","1","05/2012","1","","1","","","05/2012","2021-10-13 00:00:00","","05/2012"
"385699901","S","3102","V06","DATSCAN","02/2013","1","02/2013","1","","1","","","02/2013","2020-01-02 13:27:13","","02/2013"
"476642301","S","3102","V10","DATSCAN","11/2014","1","11/2014","1","","1","","","11/2014","2020-01-02 13:27:14","","11/2014"
"255871401","S","3200","SC","DATSCAN","11/2010","1","11/2010","1","","1","2","","11/2010","2020-06-26 19:11:57","","11/2010"
"258058401","S","3053","SC","DATSCAN","11/2010","1","11/2010","1","","1","2","","11/2010","2020-06-24 12:33:20","","12/2010"
"272599201","S","3154","SC","DATSCAN","01/2011","1","01/2011","1","","1","1","","02/2011","2020-05-12 10:25:34","","02/2011"
"325785601","S","3154","V04","DATSCAN","12/2011","1","12/2011","1","","1","","","12/2011","2020-05-12 10:25:36","","12/2011"
"386255301","S","3154","V06","DATSCAN","02/2013","1","02/2013","1","","1","","","02/2013","2020-05-12 10:25:36","","02/2013"
"521541201","S","3154","V10","DATSCAN","04/2015","1","04/2015","1","","1","","","05/2015","2020-05-12 10:25:37","","05/2015"
"271007901","S","3155","SC","DATSCAN","01/2011","0","","","","","","","01/2011","2020-02-11 15:11:01","","01/2011"
"258056101","S","3052","SC","DATSCAN","11/2010","1","11/2010","1","","1","1","","11/2010","2020-06-24 12:33:20","","12/2010"
"327682401","S","3052","V04","DATSCAN","12/2011","1","12/2011","1","","1","","","12/2011","2020-06-24 12:33:42","","12/2011"
"379205501","S","3052","V06","DATSCAN","12/2012","1","12/2012","1","","1","","","12/2012","2020-06-24 12:33:58","","01/2013"
"482562301","S","3052","V10","DATSCAN","12/2014","1","12/2014","1","","1","","","12/2014","2020-06-24 12:34:36","","12/2014"
"258501901","S","3452","SC","DATSCAN","11/2010","1","11/2010","1","","1","2","","11/2010","2020-06-24 18:54:23","","12/2010"
"259140901","S","3201","SC","DATSCAN","11/2010","1","11/2010","1","","1","2","","11/2010","2020-06-26 19:11:58","","11/2010"
"258504801","S","3453","SC","DATSCAN","11/2010","1","11/2010","1","","1","2","","11/2010","2020-06-24 18:54:47","","11/2010"
"269490301","S","3156","SC","DATSCAN","01/2011","1","01/2011","1","","1","2","","01/2011","2020-05-05 15:31:22","","01/2011"
"271059301","S","3157","SC","DATSCAN","01/2011","1","01/2011","1","","1","2","","01/2011","2020-06-30 09:44:36","","01/2011"
"259437201","S","3054","SC","DATSCAN","11/2010","1","11/2010","1","","1","1","","11/2010","2020-06-24 12:33:21","","12/2010"
"327731501","S","3054","V04","DATSCAN","12/2011","1","12/2011","1","","1","","","12/2011","2020-06-24 12:33:41","","12/2011"
"379253401","S","3054","V06","DATSCAN","12/2012","1","12/2012","1","","1","","","12/2012","2020-06-24 12:33:58","","01/2013"
"491051901","S","3054","V10","DATSCAN","12/2014","1","12/2014","1","","1","","","01/2015","2020-06-24 12:34:39","","01/2015"
"259497401","S","3055","SC","DATSCAN","11/2010","1","11/2010","1","","1","2","","11/2010","2020-06-24 12:33:22","","11/2010"
"258058701","S","3202","SC","DATSCAN","11/2010","1","11/2010","1","","1","2","","11/2010","2020-02-11 15:13:45","","11/2010"
"275294001","S","3104","SC","DATSCAN","01/2011","1","01/2011","1","","1","1","","02/2011","2020-01-02 14:54:43","","02/2011"
"270191201","S","3552","SC","DATSCAN","12/2010","1","12/2010","1","","1","1","","01/2011","2020-06-30 12:10:20","","01/2011"
"336217501","S","3552","V04","DATSCAN","02/2012","1","02/2012","1","","1","","","03/2012","2020-06-30 12:10:22","","03/2012"
"380939001","S","3552","V06","DATSCAN","01/2013","1","01/2013","1","","1","1","","01/2013","2020-06-30 12:10:22","","01/2013"
"509706501","S","3552","V10","DATSCAN","03/2015","1","03/2015","1","","1","","","03/2015","2020-06-30 12:10:23","","03/2015"
"264493401","S","3504","SC","DATSCAN","12/2010","1","12/2010","1","","1","1","","12/2010","2020-01-14 10:20:19","","12/2010"
"330980001","S","3504","V04","DATSCAN","01/2012","1","01/2012","1","","1","","","01/2012","2020-01-14 10:20:20","","01/2012"
"384575501","S","3504","V06","DATSCAN","01/2013","1","01/2013","1","","1","","","02/2013","2020-01-14 10:20:21","","02/2013"
"497333901","S","3504","V10","DATSCAN","01/2015","1","01/2015","1","","1","","","01/2015","2020-01-14 10:20:22","","01/2015"
"267575301","S","3250","SC","DATSCAN","12/2010","1","12/2010","1","","1","2","","01/2011","2020-02-12 14:48:51","","02/2011"
"267781301","S","3251","SC","DATSCAN","12/2010","1","12/2010","1","","1","1","","01/2011","2020-06-24 13:58:45","","02/2011"
"331382001","S","3251","V04","DATSCAN","01/2012","1","01/2012","1","","1","","","01/2012","2020-06-24 13:58:46","","01/2012"
"391555101","S","3251","V06","DATSCAN","01/2013","1","01/2013","1","","1","","","03/2013","2020-06-24 13:58:47","","05/2013"
"502290701","S","3251","V10","DATSCAN","01/2015","0","","","","","","","02/2015","2020-06-24 13:58:48","","02/2015"
"263041501","S","3505","SC","DATSCAN","12/2010","1","12/2010","1","","1","1","","12/2010","2020-01-14 12:32:10","","12/2010"
"326973901","S","3505","V04","DATSCAN","12/2011","1","12/2011","1","","1","","","12/2011","2020-01-14 12:32:12","","12/2011"
"380310701","S","3505","V06","DATSCAN","01/2013","1","01/2013","1","","1","","","01/2013","2020-01-14 12:32:12","","01/2013"
"457259901","S","3505","U01","DATSCAN","12/2013","1","12/2013","1","","1","","","09/2014","2020-01-14 12:32:11","","09/2014"
"476898101","S","3505","V10","DATSCAN","11/2014","1","11/2014","1","","1","","","11/2014","2020-01-14 12:32:13","","11/2014"
"262350201","S","3203","SC","DATSCAN","12/2010","1","12/2010","1","","1","1","","12/2010","2020-06-26 19:11:59","","12/2010"
"334001101","S","3203","V04","DATSCAN","02/2012","1","02/2012","1","","1","","","02/2012","2020-06-26 19:12:17","","02/2012"
"378039301","S","3203","ST","DATSCAN","12/2012","1","12/2012","1","","1","","","12/2012","2020-06-26 19:12:32","","12/2012"
"463254301","S","3203","U01","DATSCAN","01/2014","1","01/2014","1","","1","","","10/2014","2020-06-26 19:13:10","","10/2014"
"492374301","S","3203","V10","DATSCAN","01/2015","1","01/2015","1","","1","","","01/2015","2020-06-26 19:13:18","","01/2015"
"281160501","S","3554","SC","DATSCAN","01/2011","1","01/2011","1","","1","2","","03/2011","2020-06-30 12:10:45","","03/2011"
"341381901","S","3554","V04","DATSCAN","03/2012","1","03/2012","1","","1","","","04/2012","2020-06-30 12:10:47","","04/2012"
"287517001","S","3555","SC","DATSCAN","01/2011","1","01/2011","1","","1","2","","04/2011","2020-01-14 12:49:32","","04/2011"
"282524301","S","3556","SC","DATSCAN","12/2010","1","12/2010","1","","1","1","","03/2011","2020-06-30 12:11:09","","03/2011"
"343386201","S","3556","V04","DATSCAN","04/2012","1","04/2012","1","","1","","","04/2012","2020-06-30 12:11:11","","04/2012"
"381691901","S","3556","V06","DATSCAN","01/2013","1","01/2013","1","","1","","","01/2013","2020-06-30 12:11:11","","01/2013"
"493977401","S","3556","V10","DATSCAN","01/2015","1","01/2015","1","","1","","","01/2015","2020-06-30 12:11:12","","01/2015"
"639812101","S","3556","ST","DATSCAN","06/2017","0","","","","","","","06/2017","2020-06-30 12:11:09","","06/2017"
"267203601","S","3454","SC","DATSCAN","12/2010","1","12/2010","1","","1","1","","01/2011","2020-06-24 18:55:04","","01/2011"
"332716001","S","3454","V04","DATSCAN","02/2012","1","02/2012","1","","1","","","02/2012","2020-06-24 18:55:06","","02/2012"
"384969201","S","3454","V06","DATSCAN","01/2013","1","01/2013","1","","1","N","","02/2013","2020-06-24 18:55:06","","02/2013"
"497130501","S","3454","V10","DATSCAN","01/2015","1","01/2015","1","","1","","","01/2015","2020-06-24 18:55:07","","01/2015"
"263595201","S","3413","SC","DATSCAN","12/2010","1","12/2010","1","","1","1","","12/2010","2020-02-12 14:52:01","","12/2010"
"269499701","S","3252","SC","DATSCAN","12/2010","1","12/2010","1","","1","1","","01/2011","2020-06-24 13:59:23","","03/2011"
"328692601","S","3252","V04","DATSCAN","12/2011","1","12/2011","1","","1","","","01/2012","2020-06-24 13:59:24","","01/2012"
"439333201","S","3252","V06","DATSCAN","02/2013","1","02/2013","1","1","1","","","05/2014","2021-10-13 00:00:00","","07/2014"
"771881901","S","3252","V10","DATSCAN","02/2015","0","","","","","","","06/2020","2020-06-24 13:59:26","","06/2020"
"269505801","S","3253","SC","DATSCAN","01/2011","1","01/2011","1","","1","1","","01/2011","2020-04-22 13:08:09","","02/2011"
"336010701","S","3253","V04","DATSCAN","02/2012","1","02/2012","1","","1","","","02/2012","2020-04-22 13:08:10","","02/2012"
"268426001","S","3300","SC","DATSCAN","01/2011","1","01/2011","1","","1","2","","01/2011","2020-06-29 13:36:41","","01/2011"
"266028901","S","3204","SC","DATSCAN","12/2010","1","12/2010","1","","1","2","","12/2010","2020-02-12 14:47:59","","01/2011"
"280024901","S","3557","SC","DATSCAN","12/2010","1","12/2010","1","","1","1","","03/2011","2020-06-30 12:11:27","","03/2011"
"337383601","S","3557","V04","DATSCAN","01/2012","1","01/2012","1","","1","","","03/2012","2020-06-30 12:11:28","","03/2012"
"376776101","S","3557","V06","DATSCAN","12/2012","1","12/2012","1","","1","1","","12/2012","2020-06-30 12:11:29","","12/2012"
"506308901","S","3557","V10","DATSCAN","02/2015","1","02/2015","1","","1","","","02/2015","2020-06-30 12:11:30","","02/2015"
"282269101","S","3558","SC","DATSCAN","01/2011","1","01/2011","1","","1","1","","03/2011","2020-06-16 13:54:10","","04/2011"
"352369601","S","3558","V04","DATSCAN","04/2012","1","04/2012","1","","1","1","","06/2012","2020-06-16 13:54:11","","06/2012"
"389889801","S","3558","V06","DATSCAN","03/2013","1","03/2013","1","","1","","","03/2013","2020-06-16 13:54:12","","03/2013"
"267836101","S","3414","SC","DATSCAN","12/2010","1","12/2010","1","","1","2","","01/2011","2020-06-29 14:45:33","","01/2011"
"269634301","S","3160","SC","DATSCAN","01/2011","1","01/2011","1","","1","2","","01/2011","2020-05-12 10:25:52","","01/2011"
"283656801","S","3600","SC","DATSCAN","01/2011","0","","","","","","","03/2011","2020-06-26 16:45:51","","03/2011"
"308482001","S","3600","U01","DATSCAN","08/2011","1","08/2011","1","","1","","","08/2011","2020-06-26 16:45:58","","08/2011"
"271926601","S","3301","SC","DATSCAN","01/2011","1","01/2011","1","","1","2","","01/2011","2020-06-08 11:10:57","","01/2011"
"268840401","S","3506","SC","DATSCAN","01/2011","1","01/2011","1","","1","1","","01/2011","2020-01-14 09:58:13","","01/2011"
"336382601","S","3506","V04","DATSCAN","02/2012","1","02/2012","1","","1","","","03/2012","2020-01-14 09:58:15","","03/2012"
"388140101","S","3506","ST","DATSCAN","02/2013","1","02/2013","1","","1","","","03/2013","2020-01-14 09:58:14","","03/2013"
"272439501","S","3507","SC","DATSCAN","01/2011","1","01/2011","1","","1","1","","02/2011","2020-05-06 13:34:44","","02/2011"
"335489201","S","3507","V04","DATSCAN","02/2012","1","02/2012","1","","1","","","02/2012","2020-05-06 13:34:46","","02/2012"
"385330901","S","3507","ST","DATSCAN","02/2013","1","02/2013","1","","1","","","02/2013","2020-05-06 13:34:45","","02/2013"
"504764101","S","3507","V10","DATSCAN","02/2015","0","","","","","","","02/2015","2020-05-06 13:34:48","","02/2015"
"270100801","S","3056","SC","DATSCAN","01/2011","1","01/2011","1","","1","1","","01/2011","2020-06-24 12:33:24","","01/2011"
"334364201","S","3056","V04","DATSCAN","02/2012","1","02/2012","1","","1","","","02/2012","2020-06-24 12:33:44","","02/2012"
"383865501","S","3056","V06","DATSCAN","01/2013","1","01/2013","1","","1","","","02/2013","2020-06-24 12:34:01","","02/2013"
"498119901","S","3056","V10","DATSCAN","01/2015","1","01/2015","1","","1","","","01/2015","2020-06-24 12:34:41","","01/2015"
"270089401","S","3057","SC","DATSCAN","01/2011","1","01/2011","1","","1","2","","01/2011","2020-06-24 12:33:24","","01/2011"
"302913201","S","3560","SC","DATSCAN","11/2011","1","11/2011","1","","1","2","","06/2011","2020-02-12 14:56:44","","06/2011"
"275305901","S","3508","SC","DATSCAN","02/2011","0","","","","","","","02/2011","2020-02-12 14:54:14","","02/2011"
"270351501","S","3000","SC","DATSCAN","01/2011","1","01/2011","1","","1","2","","01/2011","2020-06-25 16:02:20","","01/2011"
"283576801","S","3350","SC","DATSCAN","01/2011","0","","","","","","","03/2011","2020-06-26 11:24:46","","03/2011"
"317061401","S","3350","SC","DATSCAN","08/2011","1","08/2011","1","","1","","","10/2011","2021-10-13 00:00:00","","10/2011"
"271585001","S","3254","SC","DATSCAN","01/2011","1","01/2011","1","","1","1","","01/2011","2020-05-05 14:54:11","","01/2011"
"502016401","S","3254","ST","DATSCAN","01/2012","1","01/2012","1","","1","","","02/2015","2020-05-05 14:54:12","","02/2012"
"771882101","S","3254","V10","DATSCAN","02/2015","0","","","","","","","06/2020","2020-06-26 14:57:58","","06/2020"
"299163501","S","3559","SC","DATSCAN","01/2011","1","01/2011","1","","1","1","","06/2011","2020-06-30 12:11:53","","06/2011"
"340905701","S","3559","V04","DATSCAN","03/2012","1","03/2012","1","","1","","","04/2012","2020-06-30 12:11:54","","04/2012"
"389110501","S","3559","V06","DATSCAN","03/2013","1","03/2013","1","","1","1","","03/2013","2020-06-30 12:11:55","","03/2013"
"510978301","S","3559","V10","DATSCAN","03/2015","1","03/2015","1","","1","","","03/2015","2020-06-30 12:11:56","","03/2015"
"272632201","S","3651","SC","DATSCAN","01/2011","1","01/2011","1","","1","2","","02/2011","2020-01-17 08:30:48","","02/2011"
"606668801","S","3651","V04","DATSCAN","02/2012","1","02/2012","1","","1","","","12/2016","2020-01-17 08:30:49","","12/2016"
"273156601","S","3058","SC","DATSCAN","01/2011","1","01/2011","1","","1","1","","02/2011","2020-06-24 12:33:25","","02/2011"
"337440201","S","3058","V04","DATSCAN","03/2012","1","03/2012","1","","1","","","03/2012","2020-06-24 12:33:45","","03/2012"
"389100001","S","3058","V06","DATSCAN","03/2013","1","03/2013","1","","1","","","03/2013","2020-06-24 12:34:04","","03/2013"
"503637901","S","3058","V10","DATSCAN","02/2015","1","02/2015","1","","1","","","02/2015","2020-06-24 12:34:42","","02/2015"
"272345201","S","3059","SC","DATSCAN","01/2011","1","01/2011","1","","1","1","","02/2011","2020-01-02 13:16:04","","02/2011"
"336731301","S","3059","V04","DATSCAN","02/2012","1","02/2012","1","","1","","","03/2012","2020-01-02 13:16:05","","03/2012"
"388964801","S","3059","V06","DATSCAN","03/2013","1","03/2013","1","","1","","","03/2013","2020-01-02 13:16:06","","03/2013"
"503639901","S","3059","V10","DATSCAN","02/2015","1","02/2015","1","","1","","","02/2015","2020-01-02 13:16:07","","02/2015"
"282652801","S","3602","SC","DATSCAN","03/2011","0","","","","","","","03/2011","2020-02-12 11:22:49","","03/2011"
"282634501","S","3601","SC","DATSCAN","01/2011","0","","","","","","","03/2011","2020-06-26 16:45:50","","03/2011"
"308497101","S","3601","U01","DATSCAN","07/2011","1","07/2011","1","","1","","","08/2011","2020-06-26 16:45:58","","08/2011"
"340588801","S","3601","V04","DATSCAN","03/2012","1","03/2012","1","","1","","","03/2012","2020-06-26 16:46:06","","03/2012"
"395803001","S","3601","V06","DATSCAN","04/2013","1","04/2013","1","","1","","","04/2013","2020-06-26 16:46:20","","04/2013"
"526488401","S","3601","V10","DATSCAN","05/2015","0","","","","","","","06/2015","2020-06-26 16:46:41","","07/2015"
"293902101","S","3161","SC","DATSCAN","06/2011","1","06/2011","1","","1","2","","05/2011","2020-06-02 12:20:28","","05/2011"
"314140901","S","3162","SC","DATSCAN","09/2011","1","09/2011","1","","1","1","","09/2011","2020-05-19 12:48:10","","09/2011"
"369385401","S","3162","V04","DATSCAN","10/2012","1","10/2012","1","","1","","","10/2012","2020-05-19 12:48:11","","10/2012"
"412954801","S","3162","V06","DATSCAN","09/2013","1","09/2013","1","","1","","","09/2013","2020-05-19 12:48:12","","09/2013"
"539362601","S","3162","V10","DATSCAN","09/2015","0","","","","","","","10/2015","2020-05-19 12:48:13","","10/2015"
"271783601","S","3205","SC","DATSCAN","01/2011","0","","","","0","","","01/2011","2020-06-26 19:12:00","","01/2011"
"312198801","S","3205","U01","DATSCAN","07/2011","1","07/2011","1","","1","1","","09/2011","2020-06-26 19:12:08","","09/2011"
"529909701","S","3205","ST","DATSCAN","07/2015","1","07/2015","1","","1","","","07/2015","2020-06-26 19:13:31","","07/2015"
"303419801","S","3603","SC","DATSCAN","10/2011","1","10/2011","1","","1","1","","07/2011","2020-06-22 12:44:44","","07/2011"
"379795101","S","3603","V04","DATSCAN","10/2012","1","10/2012","1","","1","","","12/2012","2020-06-22 12:44:46","","12/2012"
"415760201","S","3603","V06","DATSCAN","10/2013","1","10/2013","1","","1","","","10/2013","2020-06-22 12:44:46","","10/2013"
"513101301","S","3603","U01","DATSCAN","01/2015","1","01/2015","1","","1","","","03/2015","2020-06-22 12:44:45","","03/2015"
"552379701","S","3603","V10","DATSCAN","01/2016","1","01/2016","1","","1","","","02/2016","2020-06-22 12:44:47","","02/2016"
"287776801","S","3604","SC","DATSCAN","01/2011","0","","","","","","","04/2011","2020-06-26 16:45:51","","04/2011"
"308344001","S","3604","SC","DATSCAN","08/2011","1","08/2011","1","","1","","","08/2011","2021-10-13 00:00:00","","08/2011"
"348120701","S","3604","V04","DATSCAN","04/2012","1","04/2012","1","","1","","","05/2012","2020-06-26 16:46:06","","05/2012"
"401122501","S","3604","V06","DATSCAN","05/2013","1","05/2013","1","","1","","","06/2013","2020-06-26 16:46:22","","06/2013"
"530271501","S","3604","V10","DATSCAN","08/2015","1","08/2015","1","","1","","","08/2015","2020-06-26 16:46:42","","08/2015"
"279723001","S","3415","SC","DATSCAN","01/2011","0","","","","","","","03/2011","2020-06-30 08:39:09","","03/2011"
"305851801","S","3415","SC","DATSCAN","07/2011","1","07/2011","1","","1","1","","07/2011","2021-10-13 00:00:00","","07/2011"
"342527101","S","3415","V04","DATSCAN","04/2012","1","04/2012","1","","1","","","04/2012","2020-06-30 08:39:10","","04/2012"
"393525201","S","3415","V06","DATSCAN","04/2013","1","04/2013","1","","1","","","04/2013","2020-06-30 08:39:11","","04/2013"
"514601901","S","3415","V10","DATSCAN","03/2015","1","03/2015","1","","1","","","04/2015","2020-06-30 08:39:12","","04/2015"
"278291001","S","3206","SC","DATSCAN","01/2011","0","","","","","","","03/2011","2020-06-26 19:12:02","","03/2011"
"312156401","S","3206","SC","DATSCAN","07/2011","1","07/2011","1","","1","2","","09/2011","2021-10-13 00:00:00","","09/2011"
"282628801","S","3605","SC","DATSCAN","02/2011","0","","","","","","","03/2011","2019-11-07 13:46:13","","03/2011"
"304746101","S","3605","SC","DATSCAN","06/2011","1","06/2011","1","","1","","","07/2011","2021-10-13 00:00:00","","07/2011"
"340592101","S","3605","V04","DATSCAN","01/2012","1","01/2012","1","","1","","","03/2012","2020-06-29 13:37:01","","03/2012"
"390205101","S","3605","V06","DATSCAN","03/2013","1","03/2013","1","","1","","","03/2013","2019-11-07 13:46:59","","03/2013"
"595732301","S","3605","U01","DATSCAN","03/2016","1","03/2016","1","","1","","","10/2016","2021-10-13 00:00:00","","10/2016"
"273400701","S","3207","SC","DATSCAN","02/2011","0","","","","","","","02/2011","2020-06-26 19:12:01","","03/2011"
"311817301","S","3207","SC","DATSCAN","06/2011","1","06/2011","1","","1","1","","09/2011","2021-10-13 00:00:00","","09/2011"
"346136401","S","3207","ST","DATSCAN","04/2012","1","04/2012","1","","1","","","05/2012","2020-06-26 19:12:20","","05/2012"
"388662201","S","3207","V06","DATSCAN","02/2013","1","02/2013","1","","1","","","03/2013","2020-06-26 19:12:37","","03/2013"
"508828601","S","3207","V10","DATSCAN","02/2015","1","02/2015","1","","1","","","03/2015","2020-06-26 19:13:21","","03/2015"
"278732601","S","3001","SC","DATSCAN","02/2011","0","","","","","","","03/2011","2020-06-25 16:04:31","","03/2011"
"316925201","S","3001","U01","DATSCAN","06/2011","1","06/2011","1","","1","","","10/2011","2020-06-25 16:04:32","","10/2011"
"341974701","S","3001","V04","DATSCAN","04/2012","1","04/2012","1","","1","","","04/2012","2020-06-25 16:04:33","","04/2012"
"398210701","S","3001","V06","DATSCAN","05/2013","1","05/2013","1","","1","","","05/2013","2020-06-25 16:04:33","","05/2013"
"457265901","S","3001","U02","DATSCAN","04/2014","1","04/2014","1","","1","","","09/2014","2020-06-25 16:04:32","","10/2014"
"516500401","S","3001","V10","DATSCAN","04/2015","1","04/2015","1","","1","","","04/2015","2020-06-25 16:04:35","","04/2015"
"276800701","S","3509","SC","DATSCAN","02/2011","0","","","","","","","02/2011","2020-02-12 14:54:27","","02/2011"
"275638701","S","3351","SC","DATSCAN","01/2011","1","01/2011","1","","1","2","","02/2011","2020-05-12 10:23:26","","03/2011"
"302890601","S","3561","SC","DATSCAN","01/2011","0","","","","","","","06/2011","2020-02-12 14:56:54","","06/2011"
"299228201","S","3563","SC","DATSCAN","02/2011","0","","","","","","","06/2011","2020-06-30 12:12:38","","07/2011"
"317332901","S","3563","U01","DATSCAN","10/2011","1","10/2011","1","","1","","","10/2011","2020-06-30 12:12:39","","10/2011"
"282356001","S","3256","SC","DATSCAN","02/2011","0","","","","","","","03/2011","2020-05-19 12:46:49","","03/2011"
"304009501","S","3256","SC","DATSCAN","06/2011","1","06/2011","1","","1","","","07/2011","2021-10-13 00:00:00","","07/2011"
"303934101","S","3255","SC","DATSCAN","06/2011","1","06/2011","1","","1","2","","07/2011","2020-02-12 14:49:03","","07/2011"
"280762801","S","3257","SC","DATSCAN","02/2011","0","","","","","","","03/2011","2020-01-10 11:26:54","","03/2011"
"312027601","S","3257","U01","DATSCAN","09/2011","1","09/2011","1","","1","","","09/2011","2020-01-10 11:26:55","","09/2011"
"294725301","S","3652","SC","DATSCAN","02/2011","0","","","","","","","06/2011","2020-02-12 14:58:58","","06/2011"
"280854101","S","3455","SC","DATSCAN","03/2011","0","","","","","","","03/2011","2020-05-12 10:24:34","","03/2011"
"303114901","S","3455","SC","DATSCAN","06/2011","1","06/2011","1","","1","","","06/2011","2021-10-13 00:00:00","","06/2011"
"339538201","S","3455","V04","DATSCAN","03/2012","1","03/2012","1","","1","","","03/2012","2020-05-12 10:24:35","","03/2012"
"390599601","S","3455","V06","DATSCAN","03/2013","1","03/2013","1","","1","","","03/2013","2020-05-12 10:24:35","","03/2013"
"514272301","S","3455","V10","DATSCAN","03/2015","1","03/2015","1","","1","","","04/2015","2020-05-12 10:24:36","","04/2015"
"281007501","S","3105","SC","DATSCAN","03/2011","0","","","","","","","03/2011","2020-04-22 10:14:43","","03/2011"
"309115601","S","3105","U01","DATSCAN","08/2011","1","08/2011","1","","1","1","","08/2011","2020-04-22 10:14:44","","08/2011"
"344042101","S","3105","V04","DATSCAN","04/2012","1","04/2012","1","","1","","","04/2012","2020-04-22 10:14:44","","04/2012"
"394895701","S","3105","V06","DATSCAN","04/2013","1","04/2013","1","","1","","","04/2013","2020-04-22 10:14:45","","04/2013"
"520723501","S","3105","V10","DATSCAN","03/2015","1","03/2015","1","","1","","","05/2015","2020-04-22 10:14:46","","05/2015"
"281105601","S","3106","SC","DATSCAN","03/2011","0","","","","","","","03/2011","2020-01-02 13:29:33","","03/2011"
"309117501","S","3106","U01","DATSCAN","08/2011","1","08/2011","1","","1","","","08/2011","2020-01-02 13:29:34","","09/2011"
"283407201","S","3352","SC","DATSCAN","03/2011","0","","","","","","","03/2011","2020-05-12 10:22:35","","03/2011"
"310852701","S","3352","SC","DATSCAN","07/2011","1","07/2011","1","","1","","","08/2011","2021-10-13 00:00:00","","08/2011"
"352199101","S","3352","V04","DATSCAN","02/2012","1","02/2012","1","","1","","","06/2012","2020-05-12 10:22:36","","06/2012"
"419501501","S","3352","V06","DATSCAN","03/2013","1","03/2013","1","","1","","","12/2013","2021-10-13 00:00:00","","12/2013"
"546034401","S","3352","V10","DATSCAN","05/2015","1","05/2015","1","","1","","","12/2015","2020-05-12 10:22:38","","12/2015"
"283454201","S","3353","SC","DATSCAN","03/2011","0","","","","","","","03/2011","2020-05-12 10:22:55","","03/2011"
"317118701","S","3353","SC","DATSCAN","07/2011","1","07/2011","1","","1","","","10/2011","2021-10-13 00:00:00","","10/2011"
"278530201","S","3208","SC","DATSCAN","03/2011","0","","","","0","","","03/2011","2020-02-11 15:13:57","","03/2011"
"317504101","S","3208","SC","DATSCAN","07/2011","1","07/2011","1","","1","1","","10/2011","2021-10-13 00:00:00","","10/2011"
"280687501","S","3061","SC","DATSCAN","03/2011","0","","","","","","","03/2011","2020-06-24 12:33:27","","03/2011"
"303269201","S","3061","SC","DATSCAN","06/2011","1","06/2011","1","","1","1","","06/2011","2021-10-13 00:00:00","","06/2011"
"341657801","S","3061","V04","DATSCAN","03/2012","1","03/2012","1","","1","","","04/2012","2020-06-24 12:33:46","","04/2012"
"395176701","S","3061","V06","DATSCAN","04/2013","1","04/2013","1","","1","","","04/2013","2020-06-24 12:34:09","","04/2013"
"513410801","S","3061","V10","DATSCAN","03/2015","1","03/2015","1","","1","","","03/2015","2020-06-24 12:34:45","","03/2015"
"280081501","S","3062","SC","DATSCAN","03/2011","0","","","","","","","03/2011","2020-06-24 12:33:27","","03/2011"
"303271601","S","3062","SC","DATSCAN","06/2011","1","06/2011","1","","1","1","","06/2011","2021-10-13 00:00:00","","06/2011"
"344449501","S","3062","V04","DATSCAN","04/2012","1","04/2012","1","","1","","","04/2012","2020-06-24 12:33:48","","04/2012"
"384821701","S","3062","ST","DATSCAN","01/2013","1","01/2013","1","","1","","","02/2013","2020-06-24 12:34:02","","02/2013"
"508553901","S","3062","V10","DATSCAN","03/2015","1","03/2015","1","","1","","","03/2015","2020-06-24 12:34:43","","03/2015"
"279015901","S","3002","SC","DATSCAN","03/2011","0","","","","","","","03/2011","2020-04-01 17:33:44","","03/2011"
"316929601","S","3002","U01","DATSCAN","06/2011","1","06/2011","1","","1","","","10/2011","2020-04-01 17:33:45","","10/2011"
"345072001","S","3002","V04","DATSCAN","04/2012","1","04/2012","1","","1","","","05/2012","2020-04-01 17:33:45","","05/2012"
"396335201","S","3002","V06","DATSCAN","05/2013","1","05/2013","1","","1","","","05/2013","2020-04-01 17:33:46","","05/2013"
"457263901","S","3002","U02","DATSCAN","03/2014","1","03/2014","1","","1","","","09/2014","2020-04-01 17:33:45","","10/2014"
"513718801","S","3002","V10","DATSCAN","03/2015","1","03/2015","1","","1","","","03/2015","2020-04-01 17:33:47","","03/2015"
"281308401","S","3800","SC","DATSCAN","03/2011","1","03/2011","1","","1","1","","03/2011","2020-06-26 10:05:28","","06/2011"
"344258601","S","3800","V04","DATSCAN","04/2012","0","","","","","","","04/2012","2020-06-26 10:05:30","","04/2012"
"391078401","S","3800","V06","DATSCAN","03/2013","0","","","","","","","03/2013","2020-06-26 10:05:31","","03/2013"
"512680901","S","3800","V10","DATSCAN","03/2015","0","","","","","","","03/2015","2020-06-26 10:05:32","","03/2015"
"279719001","S","3416","SC","DATSCAN","03/2011","0","","","","","","","03/2011","2020-02-12 14:52:11","","03/2011"
"286655001","S","3565","SC","DATSCAN","03/2011","0","","","","","","","04/2011","2020-06-30 12:13:15","","04/2011"
"314193801","S","3565","SC","DATSCAN","09/2011","1","09/2011","1","","1","","","09/2011","2021-10-13 00:00:00","","09/2011"
"307715201","S","3164","SC","DATSCAN","07/2011","1","07/2011","1","","1","1","","08/2011","2020-02-12 14:31:17","","08/2011"
"283503001","S","3653","SC","DATSCAN","02/2011","0","","","","","","","03/2011","2020-05-12 10:27:11","","03/2011"
"311614201","S","3653","SC","DATSCAN","08/2011","1","08/2011","1","","1","1","","09/2011","2021-10-13 00:00:00","","09/2011"
"341722801","S","3653","V04","DATSCAN","04/2012","1","04/2012","1","","1","","","04/2012","2020-05-12 10:27:12","","04/2012"
"365445001","S","3653","ST","DATSCAN","10/2012","0","","","","","","","10/2012","2020-05-12 10:27:11","","10/2012"
"398429001","S","3653","V06","DATSCAN","04/2013","1","04/2013","1","","1","1","","05/2013","2020-05-12 10:27:13","","05/2013"
"516661201","S","3653","V10","DATSCAN","03/2015","1","03/2015","1","","1","","","04/2015","2020-05-12 10:27:14","","04/2015"
"283615201","S","3354","SC","DATSCAN","03/2011","0","","","","","","","03/2011","2020-06-26 11:42:49","","03/2011"
"317062201","S","3354","SC","DATSCAN","07/2011","1","07/2011","1","","1","","","10/2011","2021-10-13 00:00:00","","10/2011"
"352787801","S","3354","V04","DATSCAN","04/2012","1","04/2012","1","","1","","","06/2012","2020-06-26 11:42:51","","06/2012"
"403215001","S","3354","V06","DATSCAN","03/2013","1","03/2013","1","","1","","","06/2013","2020-06-26 11:42:51","","06/2013"
"512080001","S","3354","V10","DATSCAN","03/2015","1","03/2015","1","","1","","","03/2015","2020-06-26 11:42:52","","03/2015"
"283235401","S","3355","SC","DATSCAN","03/2011","0","","","","","","","03/2011","2020-06-26 11:44:03","","03/2011"
"315769601","S","3355","U01","DATSCAN","06/2011","1","06/2011","1","","1","","","10/2011","2020-06-26 11:44:04","","10/2011"
"283117801","S","3356","SC","DATSCAN","03/2011","0","","","","","","","03/2011","2020-06-26 11:45:12","","03/2011"
"317108601","S","3356","U01","DATSCAN","08/2011","1","08/2011","1","","1","","","10/2011","2020-06-26 11:45:13","","10/2011"
"402456901","S","3356","V06","DATSCAN","06/2013","1","06/2013","1","","1","2","","06/2013","2020-06-26 11:45:14","","06/2013"
"756057901","S","3356","U02","DATSCAN","03/2013","1","03/2013","1","","1","","","09/2019","2020-06-26 11:45:13","","09/2019"
"283430101","S","3060","SC","DATSCAN","03/2011","0","","","","","","","03/2011","2020-06-24 12:33:29","","03/2011"
"306988001","S","3060","SC","DATSCAN","07/2011","1","07/2011","1","","1","1","","07/2011","2021-10-13 00:00:00","","07/2011"
"344454801","S","3060","V04","DATSCAN","04/2012","1","04/2012","1","","1","","","04/2012","2020-06-24 12:33:48","","04/2012"
"391005101","S","3060","V06","DATSCAN","03/2013","1","03/2013","1","","1","","","03/2013","2020-06-24 12:34:06","","03/2013"
"512571901","S","3060","V10","DATSCAN","03/2015","1","03/2015","1","","1","","","03/2015","2020-06-24 12:34:45","","03/2015"
"281147901","S","3003","SC","DATSCAN","03/2011","0","","","","","","","03/2011","2020-06-25 16:06:24","","03/2011"
"311105001","S","3003","U01","DATSCAN","08/2011","1","08/2011","1","","1","","","08/2011","2020-06-25 16:06:25","","08/2011"
"346545401","S","3003","V04","DATSCAN","04/2012","1","04/2012","1","","1","","","05/2012","2020-06-25 16:06:26","","05/2012"
"413633401","S","3003","V06","DATSCAN","06/2013","1","06/2013","1","","1","","","10/2013","2020-06-25 16:06:26","","10/2013"
"473296201","S","3003","U02","DATSCAN","04/2014","1","04/2014","1","","1","","","11/2014","2020-06-25 16:06:25","","11/2014"
"515763101","S","3003","V10","DATSCAN","04/2015","1","04/2015","1","","1","","","04/2015","2020-06-25 16:06:27","","04/2015"
"281164401","S","3004","SC","DATSCAN","03/2011","0","","","","","","","03/2011","2020-06-30 09:25:16","","03/2011"
"311111301","S","3004","U01","DATSCAN","08/2011","1","08/2011","1","","1","","","08/2011","2020-06-30 09:25:20","","08/2011"
"283259401","S","3357","SC","DATSCAN","03/2011","0","","","","","","","03/2011","2020-05-12 10:23:13","","03/2011"
"317147501","S","3357","U01","DATSCAN","08/2011","1","08/2011","1","","1","","","10/2011","2020-05-12 10:23:14","","10/2011"
"281588701","S","3456","SC","DATSCAN","03/2011","0","","","","","","","03/2011","2020-06-24 18:55:23","","03/2011"
"318041701","S","3456","SC","DATSCAN","10/2011","1","10/2011","1","","1","","","10/2011","2021-10-13 00:00:00","","10/2011"
"389369001","S","3456","V06","DATSCAN","03/2013","1","03/2013","1","","1","2","","03/2013","2020-06-24 18:55:25","","03/2013"
"282475301","S","3510","SC","DATSCAN","03/2011","0","","","","","","","03/2011","2020-01-14 09:27:49","","03/2011"
"304364101","S","3510","SC","DATSCAN","07/2011","1","07/2011","1","","1","","","07/2011","2021-10-13 00:00:00","","07/2011"
"282476501","S","3417","SC","DATSCAN","03/2011","0","","","","","","","03/2011","2020-06-30 08:39:48","","03/2011"
"305840801","S","3417","SC","DATSCAN","07/2011","1","07/2011","1","","1","1","","07/2011","2021-10-13 00:00:00","","07/2011"
"340533901","S","3417","V04","DATSCAN","03/2012","1","03/2012","1","","1","","","03/2012","2020-06-30 08:39:49","","03/2012"
"390991901","S","3417","V06","DATSCAN","03/2013","1","03/2013","1","","1","","","03/2013","2020-06-30 08:39:49","","03/2013"
"512558101","S","3417","V10","DATSCAN","03/2015","1","03/2015","1","","1","","","03/2015","2020-06-30 08:39:50","","03/2015"
"283649401","S","3358","SC","DATSCAN","03/2011","0","","","","","","","03/2011","2020-01-13 12:56:48","","03/2011"
"317149301","S","3358","U01","DATSCAN","08/2011","1","08/2011","1","","1","","","10/2011","2020-01-13 12:56:49","","10/2011"
"283046301","S","3063","SC","DATSCAN","03/2011","0","","","","","","","03/2011","2020-02-11 15:07:03","","03/2011"
"282663301","S","3606","SC","DATSCAN","03/2011","0","","","","","","","03/2011","2020-06-26 16:45:50","","03/2011"
"308354001","S","3606","SC","DATSCAN","07/2011","1","07/2011","1","","1","","","08/2011","2021-10-13 00:00:00","","08/2011"
"352569701","S","3606","V04","DATSCAN","06/2012","1","06/2012","1","1","1","","","06/2012","2020-06-26 16:46:09","","06/2012"
"403233001","S","3606","V06","DATSCAN","06/2013","1","06/2013","1","","1","1","","06/2013","2020-06-26 16:46:23","","06/2013"
"282796201","S","3511","SC","DATSCAN","03/2011","0","","","","","","","03/2011","2020-02-11 15:34:35","","03/2011"
"286178901","S","3107","SC","DATSCAN","03/2011","0","","","","","","","04/2011","2020-05-29 10:21:06","","04/2011"
"308174201","S","3107","U01","DATSCAN","07/2011","1","07/2011","1","","1","1","","08/2011","2020-05-29 10:31:31","","08/2011"
"340672501","S","3107","V04","DATSCAN","03/2012","1","03/2012","1","","1","","","03/2012","2020-05-29 10:23:30","","03/2012"
"398553501","S","3107","V06","DATSCAN","05/2013","1","05/2013","1","","1","","","05/2013","2020-05-29 10:25:30","","05/2013"
"522517101","S","3107","V10","DATSCAN","05/2015","1","05/2015","1","","1","","","05/2015","2020-05-29 10:28:46","","05/2015"
"602191401","S","3107","U02","DATSCAN","04/2016","1","04/2016","1","","1","","","11/2016","2020-05-29 10:32:32","","11/2016"
"289496501","S","3359","SC","DATSCAN","03/2011","0","","","","","","","05/2011","2020-06-26 11:47:11","","05/2011"
"317131901","S","3359","SC","DATSCAN","07/2011","1","07/2011","1","","1","","","10/2011","2021-10-13 00:00:00","","10/2011"
"357065501","S","3359","V04","DATSCAN","05/2012","1","05/2012","1","","1","","","08/2012","2020-06-26 11:47:12","","08/2012"
"413359601","S","3359","V06","DATSCAN","09/2013","1","09/2013","1","","1","","","10/2013","2020-06-26 11:47:13","","10/2013"
"528251001","S","3359","V10","DATSCAN","06/2015","1","06/2015","1","","1","","","07/2015","2020-06-26 11:47:14","","07/2015"
"283709101","S","3850","SC","DATSCAN","03/2011","1","03/2011","1","","1","2","","03/2011","2020-05-12 10:30:57","","04/2011"
"283708901","S","3851","SC","DATSCAN","03/2011","1","03/2011","1","","1","2","","03/2011","2020-06-26 18:17:35","","04/2011"
"283731801","S","3006","SC","DATSCAN","03/2011","0","","","","","","","03/2011","2020-04-22 09:14:39","","03/2011"
"319500601","S","3006","SC","DATSCAN","08/2011","1","08/2011","1","","1","","","11/2011","2021-10-13 00:00:00","","11/2011"
"350574501","S","3006","V04","DATSCAN","06/2012","1","06/2012","1","","1","1","","06/2012","2020-04-22 09:14:41","","06/2012"
"286460701","S","3654","SC","DATSCAN","03/2011","0","","","","","","","04/2011","2020-06-26 17:53:27","","04/2011"
"315188301","S","3654","SC","DATSCAN","07/2011","1","07/2011","1","","1","1","","10/2011","2021-10-13 00:00:00","","10/2011"
"342012201","S","3654","V04","DATSCAN","04/2012","1","04/2012","1","","1","","","04/2012","2020-06-26 17:53:29","","04/2012"
"400341301","S","3654","V06","DATSCAN","05/2013","1","05/2013","1","","1","1","","06/2013","2020-06-26 17:53:33","","06/2013"
"525296701","S","3654","V10","DATSCAN","05/2015","1","05/2015","1","","1","","","06/2015","2020-06-26 17:53:40","","06/2015"
"283989701","S","3607","SC","DATSCAN","03/2011","0","","","","","","","04/2011","2020-06-26 16:45:51","","04/2011"
"311170901","S","3607","SC","DATSCAN","08/2011","1","08/2011","1","","1","","","09/2011","2021-10-13 00:00:00","","09/2011"
"352306801","S","3607","V04","DATSCAN","05/2012","1","05/2012","1","","1","","","06/2012","2020-06-26 16:46:09","","06/2012"
"396406401","S","3607","V06","DATSCAN","04/2013","1","04/2013","1","","1","","","05/2013","2020-06-26 16:46:21","","05/2013"
"528446001","S","3607","V10","DATSCAN","06/2015","1","06/2015","1","","1","","","07/2015","2020-06-26 16:46:42","","07/2015"
"286489101","S","3457","SC","DATSCAN","04/2011","0","","","","","","","04/2011","2020-05-12 10:25:10","","04/2011"
"309701001","S","3457","SC","DATSCAN","08/2011","1","08/2011","1","","1","","","08/2011","2021-10-13 00:00:00","","08/2011"
"286179101","S","3108","SC","DATSCAN","03/2011","0","","","","","","","04/2011","2020-05-29 11:01:50","","04/2011"
"309127701","S","3108","SC","DATSCAN","08/2011","1","08/2011","1","","1","1","","08/2011","2021-10-13 00:00:00","","08/2011"
"348808601","S","3108","V04","DATSCAN","05/2012","1","05/2012","1","","1","","","06/2012","2020-05-29 11:04:05","","06/2012"
"396666501","S","3108","V06","DATSCAN","04/2013","1","04/2013","1","","1","","","05/2013","2020-05-29 11:05:42","","05/2013"
"522559701","S","3108","V10","DATSCAN","05/2015","1","05/2015","1","","1","","","05/2015","2020-05-29 11:08:59","","05/2015"
"286179301","S","3109","SC","DATSCAN","03/2011","0","","","","","","","04/2011","2020-05-29 11:24:44","","04/2011"
"309131501","S","3109","SC","DATSCAN","08/2011","1","08/2011","1","","1","","","08/2011","2021-10-13 00:00:00","","08/2011"
"288095501","S","3512","SC","DATSCAN","04/2011","0","","","","","","","04/2011","2020-06-25 15:23:07","","04/2011"
"305455101","S","3512","SC","DATSCAN","07/2011","1","07/2011","1","","1","","","07/2011","2021-10-13 00:00:00","","07/2011"
"402140301","S","3512","V06","DATSCAN","06/2013","1","06/2013","1","","1","1","","06/2013","2020-06-25 15:23:09","","06/2013"
"509777801","S","3512","U01","DATSCAN","04/2012","1","04/2012","1","","1","","","03/2015","2020-06-05 09:20:08","","03/2015"
"299261501","S","3564","SC","DATSCAN","02/2011","0","","","","","","","06/2011","2020-06-30 12:12:56","","06/2011"
"313787801","S","3564","SC","DATSCAN","08/2011","1","08/2011","1","","1","","","09/2011","2021-10-13 00:00:00","","09/2011"
"398577901","S","3564","V06","DATSCAN","05/2013","1","05/2013","1","","1","1","","05/2013","2020-06-30 12:12:58","","05/2013"
"466046301","S","3564","ST","DATSCAN","05/2012","1","05/2012","1","","1","","","10/2014","2020-06-30 12:12:57","","10/2014"
"522620801","S","3564","V10","DATSCAN","05/2015","1","05/2015","1","","1","","","05/2015","2020-06-30 12:12:59","","05/2015"
"289444001","S","3360","SC","DATSCAN","04/2011","0","","","","","","","05/2011","2020-06-26 13:19:45","","05/2011"
"311068601","S","3360","SC","DATSCAN","08/2011","1","08/2011","1","","1","","","08/2011","2021-10-13 00:00:00","","08/2011"
"350278001","S","3360","V04","DATSCAN","06/2012","1","06/2012","1","","1","","","06/2012","2020-06-26 13:19:47","","06/2012"
"422841001","S","3360","V06","DATSCAN","07/2013","1","07/2013","1","","1","","","01/2014","2020-06-26 13:19:47","","01/2014"
"539454801","S","3360","V10","DATSCAN","04/2015","1","04/2015","1","","1","","","10/2015","2020-06-26 13:19:48","","10/2015"
"299258201","S","3567","SC","DATSCAN","03/2011","0","","","","","","","06/2011","2020-06-30 12:13:45","","06/2011"
"314690301","S","3567","SC","DATSCAN","08/2011","1","08/2011","1","","1","","","09/2011","2021-10-13 00:00:00","","09/2011"
"354903801","S","3567","V04","DATSCAN","06/2012","1","06/2012","1","","1","1","","07/2012","2020-06-30 12:13:46","","07/2012"
"404441301","S","3567","V06","DATSCAN","07/2013","1","07/2013","1","","1","","","07/2013","2020-06-30 12:13:47","","07/2013"
"526887701","S","3567","V10","DATSCAN","06/2015","1","06/2015","1","","1","","","07/2015","2020-06-30 12:13:48","","07/2015"
"299256601","S","3566","SC","DATSCAN","07/2011","1","07/2011","1","","1","2","","06/2011","2020-06-30 12:13:31","","06/2011"
"433733901","S","3566","V06","DATSCAN","04/2014","1","04/2014","1","","1","2","","04/2014","2020-06-30 12:13:32","","04/2014"
"286863301","S","3418","SC","DATSCAN","04/2011","0","","","","","","","04/2011","2020-06-30 08:41:38","","04/2011"
"305860101","S","3418","SC","DATSCAN","07/2011","1","07/2011","1","","1","1","","07/2011","2021-10-13 00:00:00","","07/2011"
"345800301","S","3418","V04","DATSCAN","05/2012","1","05/2012","1","","1","","","05/2012","2020-06-30 08:41:39","","05/2012"
"397229401","S","3418","V06","DATSCAN","05/2013","1","05/2013","1","","1","","","05/2013","2020-06-30 08:41:39","","05/2013"
"522289801","S","3418","V10","DATSCAN","05/2015","1","05/2015","1","","1","","","05/2015","2020-06-30 08:41:41","","05/2015"
"287281001","S","3419","SC","DATSCAN","04/2011","0","","","","","","","04/2011","2020-06-30 08:45:35","","04/2011"
"310091901","S","3419","SC","DATSCAN","08/2011","1","08/2011","1","","1","1","","08/2011","2021-10-13 00:00:00","","08/2011"
"341567701","S","3419","V04","DATSCAN","04/2012","1","04/2012","1","","1","","","04/2012","2020-06-30 08:45:36","","04/2012"
"392988901","S","3419","V06","DATSCAN","04/2013","1","04/2013","1","","1","","","04/2013","2020-06-30 08:45:36","","04/2013"
"524938501","S","3419","V10","DATSCAN","06/2015","1","06/2015","1","","1","","","06/2015","2020-06-30 08:45:38","","06/2015"
"288468801","S","3458","SC","DATSCAN","04/2011","0","","","","","","","04/2011","2020-06-24 18:59:22","","04/2011"
"310452901","S","3458","SC","DATSCAN","08/2011","1","08/2011","1","","1","","","08/2011","2021-10-13 00:00:00","","08/2011"
"287440001","S","3852","SC","DATSCAN","04/2011","1","04/2011","1","","1","2","","04/2011","2020-06-26 18:17:36","","04/2011"
"288472101","S","3258","SC","DATSCAN","04/2011","0","","","","","","","04/2011","2020-02-11 15:15:34","","04/2011"
"288313601","S","3064","SC","DATSCAN","04/2011","0","","","","","","","04/2011","2020-06-24 12:33:30","","05/2011"
"311798301","S","3064","SC","DATSCAN","08/2011","1","08/2011","1","","1","2","","09/2011","2021-10-13 00:00:00","","09/2011"
"288310301","S","3065","SC","DATSCAN","04/2011","0","","","","","","","04/2011","2020-02-11 15:07:21","","04/2011"
"288778301","S","3608","SC","DATSCAN","04/2011","0","","","","","","","04/2011","2020-05-06 13:36:43","","04/2011"
"311675501","S","3608","SC","DATSCAN","08/2011","1","08/2011","1","","1","","","09/2011","2021-10-13 00:00:00","","09/2011"
"352391001","S","3608","V04","DATSCAN","06/2012","1","06/2012","1","","1","","","06/2012","2020-05-06 13:36:44","","06/2012"
"396159101","S","3608","V06","DATSCAN","04/2013","1","04/2013","1","","1","","","05/2013","2020-05-06 13:36:45","","05/2013"
"293426301","S","3609","SC","DATSCAN","05/2011","0","","","","","","","05/2011","2020-06-26 16:45:53","","05/2011"
"311331701","S","3609","SC","DATSCAN","08/2011","1","08/2011","1","","1","","","09/2011","2021-10-13 00:00:00","","09/2011"
"352563701","S","3609","V04","DATSCAN","06/2012","1","06/2012","1","","1","","","06/2012","2020-06-26 16:46:09","","06/2012"
"402881901","S","3609","V06","DATSCAN","06/2013","1","06/2013","1","","1","1","","06/2013","2020-06-26 16:46:23","","06/2013"
"530271901","S","3609","V10","DATSCAN","06/2015","0","","","","","","","08/2015","2020-06-26 16:46:42","","08/2015"
"289078701","S","3110","SC","DATSCAN","04/2011","0","","","","","","","05/2011","2020-05-29 11:47:50","","05/2011"
"308182401","S","3110","U01","DATSCAN","07/2011","1","07/2011","1","","1","1","","08/2011","2020-05-29 12:13:47","","09/2011"
"350322001","S","3110","V04","DATSCAN","06/2012","1","06/2012","1","","1","","","06/2012","2020-05-29 12:02:35","","06/2012"
"399079501","S","3110","V06","DATSCAN","05/2013","1","05/2013","1","","1","","","05/2013","2020-05-29 12:04:11","","05/2013"
"529072501","S","3110","V10","DATSCAN","07/2015","1","07/2015","1","","1","","","07/2015","2020-05-29 12:07:28","","07/2015"
"288265101","S","3420","SC","DATSCAN","04/2011","0","","","","","","","04/2011","2020-06-22 12:20:40","","04/2011"
"309768201","S","3420","SC","DATSCAN","08/2011","1","08/2011","1","","1","1","","08/2011","2021-10-13 00:00:00","","08/2011"
"400394801","S","3420","V06","DATSCAN","06/2013","1","06/2013","1","","1","","","06/2013","2020-06-22 12:20:42","","06/2013"
"339432601","S","3420","V04","DATSCAN","03/2012","1","03/2012","1","","1","","","03/2012","2020-06-22 12:20:41","","02/2015"
"524154501","S","3420","V10","DATSCAN","06/2015","1","06/2015","1","","1","","","06/2015","2020-06-22 12:20:43","","06/2015"
"288517601","S","3067","SC","DATSCAN","04/2011","0","","","","","","","04/2011","2020-05-05 12:44:01","","05/2011"
"311825001","S","3067","SC","DATSCAN","08/2011","1","08/2011","1","","1","1","","09/2011","2021-10-13 00:00:00","","09/2011"
"347010201","S","3067","V04","DATSCAN","05/2012","1","05/2012","1","","1","","","05/2012","2020-06-22 09:39:00","","05/2012"
"401170201","S","3067","V06","DATSCAN","06/2013","1","06/2013","1","","1","","","06/2013","2020-06-22 09:40:03","","06/2013"
"520479701","S","3067","V10","DATSCAN","04/2015","1","04/2015","1","","1","","","05/2015","2020-06-22 09:42:43","","05/2015"
"290347001","S","3302","SC","DATSCAN","04/2011","0","","","","","","","05/2011","2020-02-11 15:23:06","","05/2011"
"291914901","S","3750","SC","DATSCAN","05/2011","1","05/2011","1","","1","2","","05/2011","2020-01-17 09:11:41","","06/2011"
"290348101","S","3259","SC","DATSCAN","04/2011","0","","","","","","","05/2011","2020-02-11 15:15:44","","05/2011"
"288863201","S","3007","SC","DATSCAN","04/2011","0","","","","","","","05/2011","2020-01-02 12:40:54","","05/2011"
"290601401","S","3459","SC","DATSCAN","05/2011","0","","","","","","","05/2011","2020-06-24 18:59:40","","05/2011"
"310162301","S","3459","SC","DATSCAN","08/2011","1","08/2011","1","","1","","","08/2011","2021-10-13 00:00:00","","08/2011"
"348013401","S","3459","V04","DATSCAN","05/2012","1","05/2012","1","","1","","","05/2012","2020-06-24 18:59:42","","05/2012"
"396622401","S","3459","V06","DATSCAN","04/2013","1","04/2013","1","","1","","","05/2013","2020-06-24 18:59:42","","05/2013"
"526603301","S","3459","V10","DATSCAN","05/2015","1","05/2015","1","","1","","","06/2015","2020-06-24 18:59:43","","06/2015"
"289349401","S","3460","SC","DATSCAN","05/2011","0","","","","","","","05/2011","2020-06-24 19:00:18","","05/2011"
"310176701","S","3460","SC","DATSCAN","08/2011","1","08/2011","1","","1","","","08/2011","2021-10-13 00:00:00","","08/2011"
"300074201","S","3361","SC","DATSCAN","04/2011","0","","","","","","","06/2011","2020-06-26 14:16:13","","06/2011"
"326009001","S","3361","SC","DATSCAN","11/2011","1","11/2011","1","","1","","","12/2011","2021-10-13 00:00:00","","12/2011"
"299888701","S","3362","SC","DATSCAN","04/2011","0","","","","","","","06/2011","2020-06-26 14:30:23","","06/2011"
"313161401","S","3362","SC","DATSCAN","09/2011","1","09/2011","1","","1","","","09/2011","2021-10-13 00:00:00","","09/2011"
"289812801","S","3008","SC","DATSCAN","05/2011","0","","","","","","","05/2011","2020-06-30 09:25:17","","05/2011"
"311103801","S","3008","SC","DATSCAN","08/2011","1","08/2011","1","","1","","","08/2011","2021-10-13 00:00:00","","08/2011"
"290789901","S","3260","SC","DATSCAN","05/2011","0","","","","","","","05/2011","2020-06-24 13:59:38","","05/2011"
"316217201","S","3260","U01","DATSCAN","10/2011","1","10/2011","1","","1","","","10/2011","2020-06-24 13:59:38","","10/2011"
"294002501","S","3801","SC","DATSCAN","05/2011","1","05/2011","1","","1","2","","05/2011","2020-02-12 11:32:47","","06/2011"
"293108401","S","3655","SC","DATSCAN","05/2011","0","","","","","","","05/2011","2020-01-16 08:38:02","","05/2011"
"311609901","S","3655","SC","DATSCAN","09/2011","1","09/2011","1","","1","2","","09/2011","2021-10-13 00:00:00","","09/2011"
"606439401","S","3655","V04","DATSCAN","04/2012","1","04/2012","1","","1","","","12/2016","2020-01-16 08:38:03","","12/2016"
"290867201","S","3513","SC","DATSCAN","04/2011","0","","","","","","","05/2011","2020-02-11 15:34:48","","05/2011"
"291468001","S","3610","SC","DATSCAN","05/2011","0","","","","","","","05/2011","2020-02-12 11:22:58","","05/2011"
"291487001","S","3611","SC","DATSCAN","05/2011","0","","","","","","","05/2011","2020-06-22 12:45:54","","05/2011"
"311670601","S","3611","SC","DATSCAN","08/2011","1","08/2011","1","","1","","","09/2011","2021-10-13 00:00:00","","09/2011"
"291394501","S","3111","SC","DATSCAN","05/2011","0","","","","","","","05/2011","2020-05-29 12:26:59","","05/2011"
"312335901","S","3111","U01","DATSCAN","08/2011","1","08/2011","1","","1","1","","09/2011","2020-05-29 12:35:06","","09/2011"
"348748301","S","3111","V04","DATSCAN","05/2012","1","05/2012","1","","1","","","06/2012","2020-05-29 12:29:42","","06/2012"
"399637101","S","3111","V06","DATSCAN","05/2013","1","05/2013","1","","1","","","05/2013","2020-05-29 12:31:08","","05/2013"
"291378701","S","3261","SC","DATSCAN","05/2011","0","","","","","","","05/2011","2014-10-27 09:34:56","","05/2011"
"291412801","S","3112","SC","DATSCAN","05/2011","0","","","","","","","05/2011","2020-05-29 13:07:40","","05/2011"
"312341501","S","3112","U01","DATSCAN","08/2011","1","08/2011","1","","1","","","09/2011","2020-05-29 13:16:59","","09/2011"
"291976001","S","3461","SC","DATSCAN","05/2011","0","","","","","","","05/2011","2020-06-24 19:00:47","","05/2011"
"313515501","S","3461","SC","DATSCAN","09/2011","1","09/2011","1","","1","","","09/2011","2021-10-13 00:00:00","","09/2011"
"347014101","S","3461","V04","DATSCAN","05/2012","1","05/2012","1","","1","","","05/2012","2020-06-24 19:00:49","","05/2012"
"402859001","S","3461","V06","DATSCAN","06/2013","1","06/2013","1","","1","","","06/2013","2020-06-24 19:00:49","","06/2013"
"531694501","S","3461","V10","DATSCAN","07/2015","1","07/2015","1","","1","","","08/2015","2020-06-24 19:00:50","","08/2015"
"291888801","S","3853","SC","DATSCAN","05/2011","1","05/2011","1","","1","2","","05/2011","2020-06-22 15:21:28","","05/2011"
"291914201","S","3854","SC","DATSCAN","05/2011","1","05/2011","1","","1","2","","05/2011","2020-06-22 15:23:50","","05/2011"
"297414901","S","3421","SC","DATSCAN","05/2011","0","","","","","","","06/2011","2020-05-05 14:54:49","","06/2011"
"305856901","S","3421","U01","DATSCAN","07/2011","1","07/2011","1","","1","1","","07/2011","2020-05-05 14:54:50","","07/2011"
"351194301","S","3421","V04","DATSCAN","06/2012","1","06/2012","1","","1","1","","06/2012","2020-05-05 14:54:51","","06/2012"
"403243101","S","3421","V06","DATSCAN","06/2013","1","06/2013","1","","1","","","06/2013","2020-05-05 14:54:51","","06/2013"
"526933701","S","3421","V10","DATSCAN","07/2015","1","07/2015","1","","1","","","07/2015","2020-05-05 14:54:53","","07/2015"
"292569901","S","3066","SC","DATSCAN","05/2011","0","","","","","","","05/2011","2020-06-22 09:28:42","","05/2011"
"314461001","S","3066","U01","DATSCAN","07/2011","1","07/2011","1","","1","1","","09/2011","2020-06-22 09:28:43","","09/2011"
"351055001","S","3066","V04","DATSCAN","06/2012","1","06/2012","1","","1","","","06/2012","2020-06-22 09:28:44","","06/2012"
"400987201","S","3066","V06","DATSCAN","05/2013","1","05/2013","1","","1","","","06/2013","2020-06-22 09:28:45","","06/2013"
"527287801","S","3066","V10","DATSCAN","09/2015","1","09/2015","1","","1","","","07/2015","2020-06-22 09:28:46","","07/2015"
"294308801","S","3262","SC","DATSCAN","05/2011","0","","","","","","","05/2011","2020-05-12 10:20:35","","05/2011"
"311755601","S","3262","U01","DATSCAN","08/2011","1","08/2011","1","","1","","","09/2011","2020-05-12 10:20:35","","09/2011"
"293509101","S","3263","SC","DATSCAN","05/2011","0","","","","","","","05/2011","2020-02-11 15:16:11","","05/2011"
"299195501","S","3569","SC","DATSCAN","07/2011","1","07/2011","1","","1","2","","06/2011","2020-01-14 12:53:45","","06/2011"
"299258001","S","3570","SC","DATSCAN","05/2011","0","","","","","","","06/2011","2020-06-30 12:14:23","","06/2011"
"314200601","S","3570","SC","DATSCAN","09/2011","1","09/2011","1","","1","","","09/2011","2021-10-13 00:00:00","","09/2011"
"295342901","S","3802","SC","DATSCAN","05/2011","1","05/2011","1","","1","1","","06/2011","2020-06-02 12:21:19","","06/2011"
"352602301","S","3802","V04","DATSCAN","06/2012","1","06/2012","1","","1","","","06/2012","2020-06-02 12:21:20","","06/2012"
"402815301","S","3802","V06","DATSCAN","06/2013","1","06/2013","1","","1","","","06/2013","2020-06-02 12:21:21","","06/2013"
"525231801","S","3802","V10","DATSCAN","06/2015","1","06/2015","1","","1","","","06/2015","2020-06-02 12:21:22","","06/2015"
"293951101","S","3068","SC","DATSCAN","05/2011","0","","","","","","","05/2011","2020-06-24 12:33:31","","05/2011"
"315616801","S","3068","SC","DATSCAN","10/2011","1","10/2011","1","","1","1","","10/2011","2021-10-13 00:00:00","","10/2011"
"364377801","S","3068","V04","DATSCAN","09/2012","1","09/2012","1","","1","","","09/2012","2020-06-24 12:33:54","","09/2012"
"407018201","S","3068","V06","DATSCAN","07/2013","1","07/2013","1","","1","","","08/2013","2020-06-24 12:34:13","","08/2013"
"528274601","S","3068","V10","DATSCAN","07/2015","1","07/2015","1","","1","","","07/2015","2020-06-24 12:34:49","","07/2015"
"294774301","S","3264","SC","DATSCAN","05/2011","0","","","","","","","06/2011","2020-06-24 13:59:48","","06/2011"
"314337901","S","3264","SC","DATSCAN","09/2011","1","09/2011","1","","1","","","09/2011","2021-10-13 00:00:00","","09/2011"
"295298701","S","3612","SC","DATSCAN","05/2011","0","","","","","","","06/2011","2020-06-26 16:45:54","","06/2011"
"314237101","S","3612","SC","DATSCAN","09/2011","1","09/2011","1","","1","","","09/2011","2021-10-13 00:00:00","","09/2011"
"352575501","S","3612","V04","DATSCAN","06/2012","1","06/2012","1","","1","","","06/2012","2020-06-26 16:46:09","","06/2012"
"406160101","S","3612","V06","DATSCAN","07/2013","1","07/2013","1","","1","","","07/2013","2020-06-26 16:46:24","","07/2013"
"538915601","S","3612","V10","DATSCAN","10/2015","1","10/2015","1","","1","","","10/2015","2020-06-26 16:46:44","","10/2015"
"294170501","S","3009","SC","DATSCAN","05/2011","0","","","","","","","05/2011","2020-06-30 09:25:18","","05/2011"
"313767901","S","3009","SC","DATSCAN","09/2011","1","09/2011","1","","1","","","09/2011","2021-10-13 00:00:00","","10/2011"
"294232101","S","3422","SC","DATSCAN","05/2011","0","","","","","","","05/2011","2020-06-30 08:46:11","","05/2011"
"305855901","S","3422","U01","DATSCAN","07/2011","1","07/2011","1","","1","1","","07/2011","2020-06-30 08:46:12","","07/2011"
"354272501","S","3422","V04","DATSCAN","07/2012","1","07/2012","1","","1","","","07/2012","2020-06-30 08:46:13","","07/2012"
"402858801","S","3422","V06","DATSCAN","06/2013","1","06/2013","1","","1","","","06/2013","2020-06-30 08:46:13","","06/2013"
"528936501","S","3422","V10","DATSCAN","07/2015","1","07/2015","1","","1","","","07/2015","2020-06-30 08:46:14","","07/2015"
"298530601","S","3165","SC","DATSCAN","05/2011","0","","","","","","","06/2011","2020-06-30 09:45:01","","06/2011"
"306628301","S","3165","U01","DATSCAN","07/2011","1","07/2011","1","","1","2","","07/2011","2020-06-30 09:45:02","","07/2011"
"302905801","S","4000","SC","DATSCAN","06/2011","1","06/2011","1","","1","2","","06/2011","2020-02-12 14:58:13","","06/2011"
"296637301","S","3514","SC","DATSCAN","07/2011","1","07/2011","1","","1","1","","06/2011","2020-01-14 11:08:43","","06/2011"
"375740101","S","3514","V04","DATSCAN","11/2012","1","11/2012","1","","1","","","12/2012","2020-01-14 11:08:45","","12/2012"
"294796001","S","3424","SC","DATSCAN","07/2011","1","07/2011","1","","1","2","","06/2011","2020-06-30 08:47:18","","06/2011"
"294861701","S","3423","SC","DATSCAN","07/2011","1","07/2011","1","","1","1","","06/2011","2020-06-30 08:46:47","","06/2011"
"348030401","S","3423","V04","DATSCAN","05/2012","1","05/2012","1","","1","","","05/2012","2020-06-30 08:46:48","","05/2012"
"405178401","S","3423","V06","DATSCAN","07/2013","1","07/2013","1","","1","","","07/2013","2020-06-30 08:46:49","","07/2013"
"534464201","S","3423","V10","DATSCAN","08/2015","1","08/2015","1","","1","","","09/2015","2020-06-30 08:46:50","","09/2015"
"294895601","S","3010","SC","DATSCAN","05/2011","0","","","","","","","06/2011","2020-06-30 09:25:18","","06/2011"
"316924201","S","3010","U01","DATSCAN","07/2011","1","07/2011","1","","1","","","10/2011","2020-06-30 09:25:21","","10/2011"
"352489101","S","3010","V04","DATSCAN","06/2012","1","06/2012","1","","1","1","","06/2012","2020-06-30 09:25:28","","06/2012"
"407218601","S","3010","V06","DATSCAN","07/2013","1","07/2013","1","","1","","","08/2013","2020-06-30 09:25:37","","08/2013"
"527871601","S","3010","V10","DATSCAN","06/2015","1","06/2015","1","","1","","","07/2015","2020-06-30 09:25:52","","07/2015"
"531196201","S","3010","U02","DATSCAN","09/2014","1","09/2014","1","","1","","","08/2015","2020-06-30 09:25:52","","08/2015"
"295081401","S","3751","SC","DATSCAN","04/2011","1","04/2011","1","1","1","2","","06/2011","2020-06-30 16:59:56","","06/2011"
"403745301","S","3751","V06","DATSCAN","06/2013","1","06/2013","1","","1","","","07/2013","2020-06-30 17:00:29","","07/2013"
"302202201","S","3613","SC","DATSCAN","06/2011","0","","","","","","","06/2011","2020-06-26 16:45:56","","06/2011"
"315913401","S","3613","SC","DATSCAN","10/2011","1","10/2011","1","","1","","","10/2011","2021-10-13 00:00:00","","10/2011"
"297223701","S","3614","SC","DATSCAN","06/2011","0","","","","","","","06/2011","2020-06-26 16:45:54","","06/2011"
"315922401","S","3614","SC","DATSCAN","10/2011","1","10/2011","1","","1","","","10/2011","2021-10-13 00:00:00","","10/2011"
"306187201","S","3803","SC","DATSCAN","07/2011","0","","","","","","","07/2011","2020-05-05 15:37:23","","07/2011"
"360401501","S","3803","V04","DATSCAN","08/2012","1","08/2012","1","","1","2","","08/2012","2020-05-05 15:37:24","","08/2012"
"295810801","S","3363","SC","DATSCAN","05/2011","0","","","","","","","06/2011","2020-01-13 11:30:34","","06/2011"
"326010901","S","3363","U01","DATSCAN","11/2011","1","11/2011","1","","1","","","12/2011","2020-01-13 11:30:35","","12/2011"
"302911001","S","3425","SC","DATSCAN","06/2011","1","06/2011","1","","1","2","","06/2011","2020-06-30 08:52:52","","06/2011"
"424290501","S","3425","V06","DATSCAN","01/2014","0","","","","","","","01/2014","2020-06-30 08:52:53","","01/2014"
"296636501","S","3515","SC","DATSCAN","06/2011","0","","","","","","","06/2011","2020-01-14 11:24:19","","06/2011"
"315183901","S","3515","U01","DATSCAN","06/2011","1","06/2011","1","","1","","","10/2011","2020-01-14 11:24:20","","10/2011"
"341940201","S","3265","SC","DATSCAN","06/2011","0","","","","","","","04/2012","2020-02-11 15:16:29","","08/2011"
"296352601","S","3855","SC","DATSCAN","06/2011","1","06/2011","1","","1","2","","06/2011","2020-06-26 18:17:37","","06/2011"
"303670401","S","3516","SC","DATSCAN","06/2011","1","06/2011","1","","1","1","","07/2011","2020-06-25 15:24:15","","07/2011"
"350282701","S","3516","ST","DATSCAN","06/2012","1","06/2012","1","","1","","","06/2012","2020-06-25 15:24:16","","06/2012"
"411023201","S","3516","V06","DATSCAN","09/2013","1","09/2013","1","","1","","","09/2013","2020-06-25 15:24:17","","09/2013"
"529762101","S","3516","V10","DATSCAN","07/2015","1","07/2015","1","","1","","","07/2015","2020-06-25 15:24:18","","07/2015"
"302510901","S","3304","SC","DATSCAN","06/2011","1","06/2011","1","","1","2","","06/2011","2020-06-08 11:22:24","","06/2011"
"450858101","S","3304","V06","DATSCAN","05/2014","1","05/2014","1","","1","2","","08/2014","2020-06-08 11:24:02","","08/2014"
"296892501","S","3856","SC","DATSCAN","06/2011","1","06/2011","1","","1","1","","06/2011","2020-06-26 18:17:38","","06/2011"
"360933601","S","3856","V04","DATSCAN","08/2012","1","08/2012","1","","1","1","","09/2012","2020-06-26 18:17:46","","09/2012"
"410907901","S","3856","V06","DATSCAN","09/2013","1","09/2013","1","","1","1","","09/2013","2020-06-26 18:17:54","","09/2013"
"536469601","S","3856","V10","DATSCAN","08/2015","1","08/2015","1","","1","","","09/2015","2020-06-26 18:18:04","","09/2015"
"591203101","S","3856","U01","DATSCAN","09/2016","1","09/2016","1","","1","","","09/2016","2021-10-13 00:00:00","","09/2016"
"299924601","S","3364","SC","DATSCAN","06/2011","0","","","","","","","06/2011","2020-05-12 10:23:47","","06/2011"
"311085301","S","3364","U01","DATSCAN","07/2011","1","07/2011","1","","1","","","08/2011","2020-05-12 10:23:48","","08/2011"
"362923801","S","3364","V04","DATSCAN","08/2012","1","08/2012","1","","1","","","09/2012","2020-05-12 10:23:49","","09/2012"
"414942201","S","3364","V06","DATSCAN","07/2013","1","07/2013","1","","1","","","10/2013","2020-05-12 10:23:49","","10/2013"
"538213101","S","3364","V10","DATSCAN","05/2015","1","05/2015","1","","1","","","10/2015","2020-05-12 10:23:50","","10/2015"
"308556801","S","3571","SC","DATSCAN","07/2011","1","07/2011","1","","1","2","","08/2011","2020-06-30 12:14:40","","08/2011"
"302904801","S","4001","SC","DATSCAN","06/2011","1","06/2011","1","","1","1","","06/2011","2020-06-29 13:37:23","","06/2011"
"360651401","S","4001","V04","DATSCAN","07/2012","1","07/2012","1","","1","","","08/2012","2020-06-29 13:37:25","","08/2012"
"407082201","S","4001","V06","DATSCAN","08/2013","1","08/2013","1","","1","","","08/2013","2020-06-29 13:37:25","","08/2013"
"528044201","S","4001","V10","DATSCAN","06/2015","1","06/2015","1","","1","","","07/2015","2020-06-29 13:37:26","","07/2015"
"298900001","S","3804","SC","DATSCAN","06/2011","0","","","","","","","06/2011","2020-06-26 10:06:35","","06/2011"
"357048401","S","3804","V04","DATSCAN","07/2012","1","07/2012","1","","1","2","","08/2012","2020-06-26 10:06:36","","08/2012"
"306690501","S","3752","SC","DATSCAN","07/2011","1","07/2011","1","1","1","1","","07/2011","2020-06-30 16:59:57","","08/2011"
"366713001","S","3752","V04","DATSCAN","10/2012","1","10/2012","1","1","1","1","","10/2012","2020-06-30 17:00:15","","12/2012"
"411928601","S","3752","V06","DATSCAN","08/2013","1","08/2013","1","","1","","","09/2013","2020-06-30 17:00:30","","09/2013"
"531315201","S","3752","V10","DATSCAN","07/2015","1","07/2015","1","","1","","","08/2015","2020-06-30 17:00:56","","08/2015"
"305568101","S","3656","SC","DATSCAN","07/2011","1","07/2011","1","","1","2","","07/2011","2020-06-26 17:53:28","","07/2011"
"308166401","S","3266","SC","DATSCAN","06/2011","0","","","","","","","08/2011","2014-10-27 09:37:52","","08/2011"
"303692601","S","3267","SC","DATSCAN","06/2011","1","06/2011","1","","1","1","","07/2011","2020-05-05 14:53:31","","07/2011"
"354033301","S","3267","V04","DATSCAN","06/2012","1","06/2012","2","1","1","","","07/2012","2020-05-05 14:53:32","","07/2012"
"305290501","S","3428","SC","DATSCAN","07/2011","1","07/2011","1","","1","2","","07/2011","2020-06-30 08:53:51","","07/2011"
"303688701","S","3615","SC","DATSCAN","06/2011","1","06/2011","1","","1","2","","07/2011","2020-06-26 16:45:57","","07/2011"
"302841601","S","3426","SC","DATSCAN","06/2011","1","06/2011","1","","1","2","","06/2011","2020-06-30 08:53:22","","06/2011"
"416778301","S","3426","V06","DATSCAN","11/2013","1","11/2013","1","","1","2","","11/2013","2020-06-30 08:53:24","","11/2013"
"305124201","S","3011","SC","DATSCAN","07/2011","1","07/2011","1","","1","2","","07/2011","2020-06-09 14:45:36","","07/2011"
"302904101","S","3427","SC","DATSCAN","06/2011","0","","","","","","","06/2011","2020-02-11 15:29:22","","06/2011"
"307389401","S","3113","SC","DATSCAN","07/2011","1","07/2011","1","","1","1","","08/2011","2020-01-02 13:53:25","","08/2011"
"355938401","S","3113","V04","DATSCAN","07/2012","1","07/2012","1","","1","1","","07/2012","2020-01-02 13:53:26","","07/2012"
"405339601","S","3113","V06","DATSCAN","07/2013","1","07/2013","1","","1","","","07/2013","2020-01-02 13:53:27","","07/2013"
"307389901","S","3115","SC","DATSCAN","07/2011","1","07/2011","1","","1","2","","08/2011","2020-01-02 13:44:33","","08/2011"
"306584601","S","3114","SC","DATSCAN","07/2011","1","07/2011","1","","1","2","","07/2011","2020-04-22 10:15:57","","07/2011"
"306173201","S","3069","SC","DATSCAN","07/2011","1","07/2011","1","","1","2","","07/2011","2020-06-24 12:33:34","","07/2011"
"306183901","S","3753","SC","DATSCAN","07/2011","1","07/2011","1","1","1","1","","07/2011","2020-01-17 09:17:59","","07/2011"
"378709801","S","3753","V04","DATSCAN","11/2012","1","11/2012","1","","1","1","","12/2012","2020-01-17 09:18:00","","12/2012"
"303466801","S","3754","SC","DATSCAN","07/2011","0","","","","","","","07/2011","2020-01-17 09:20:53","","07/2011"
"369534201","S","3754","V04","DATSCAN","10/2012","1","10/2012","1","1","1","1","","10/2012","2020-01-17 09:20:54","","12/2012"
"303685401","S","3209","SC","DATSCAN","06/2011","1","06/2011","1","","1","1","","07/2011","2020-06-26 19:12:03","","07/2011"
"364468501","S","3209","V04","DATSCAN","09/2012","1","09/2012","1","","1","","","09/2012","2020-06-26 19:12:29","","10/2012"
"407418801","S","3209","V06","DATSCAN","07/2013","1","07/2013","1","","1","","","08/2013","2020-06-26 19:12:45","","08/2013"
"530412501","S","3209","V10","DATSCAN","08/2015","1","08/2015","1","","1","","","08/2015","2020-06-26 19:13:31","","08/2015"
"303692301","S","3429","SC","DATSCAN","07/2011","1","07/2011","1","","1","1","","07/2011","2020-06-30 08:54:41","","07/2011"
"357755201","S","3429","V04","DATSCAN","08/2012","1","08/2012","1","","1","","","08/2012","2020-06-30 08:54:42","","08/2012"
"407373001","S","3429","V06","DATSCAN","08/2013","1","08/2013","1","","1","","","08/2013","2020-06-30 08:54:42","","08/2013"
"532005701","S","3429","V10","DATSCAN","07/2015","1","07/2015","1","","1","","","08/2015","2020-06-30 08:54:44","","08/2015"
"304310901","S","3210","SC","DATSCAN","07/2011","1","07/2011","1","","1","1","","07/2011","2020-02-12 14:48:11","","07/2011"
"305149401","S","3268","SC","DATSCAN","07/2011","1","07/2011","1","","1","1","","07/2011","2020-05-12 10:32:11","","07/2011"
"369035901","S","3268","V04","DATSCAN","10/2012","1","10/2012","2","1","1","1","","10/2012","2020-05-12 10:32:12","","10/2012"
"531234001","S","3268","V10","DATSCAN","08/2015","0","","","","","","","08/2015","2020-05-12 10:32:13","","08/2015"
"310397301","S","4003","SC","DATSCAN","07/2011","1","07/2011","1","","1","1","","08/2011","2020-02-12 14:58:24","","08/2011"
"305068201","S","3805","SC","DATSCAN","07/2011","0","","","","","","","07/2011","2020-05-06 13:42:19","","07/2011"
"359223701","S","3805","V04","DATSCAN","07/2012","1","07/2012","1","","1","2","","08/2012","2020-05-06 13:42:20","","08/2012"
"305138901","S","3430","SC","DATSCAN","07/2011","1","07/2011","1","","1","1","","07/2011","2020-01-14 09:06:54","","07/2011"
"362894001","S","3430","V04","DATSCAN","09/2012","1","09/2012","1","","1","","","09/2012","2020-01-14 09:06:55","","09/2012"
"404423001","S","3430","V06","DATSCAN","07/2013","1","07/2013","1","","1","1","","07/2013","2020-01-14 09:06:56","","07/2013"
"532394601","S","3430","V10","DATSCAN","08/2015","1","08/2015","2","1","1","","","08/2015","2020-01-14 09:06:57","","08/2015"
"305221301","S","3211","SC","DATSCAN","07/2011","1","07/2011","1","","1","1","","07/2011","2020-01-09 10:39:28","","07/2011"
"361582301","S","3211","V04","DATSCAN","08/2012","1","08/2012","1","","1","","","09/2012","2020-01-09 10:39:29","","09/2012"
"407351001","S","3211","V06","DATSCAN","08/2013","1","08/2013","1","","1","","","08/2013","2020-01-09 10:39:30","","08/2013"
"528280501","S","3211","V10","DATSCAN","06/2015","0","","","","","","","07/2015","2020-01-09 10:39:31","","07/2015"
"305251501","S","3806","SC","DATSCAN","07/2011","0","","","","","","","07/2011","2020-06-26 10:06:53","","07/2011"
"359218501","S","3806","V04","DATSCAN","07/2012","1","07/2012","1","","1","2","","08/2012","2020-06-26 10:06:54","","08/2012"
"305274701","S","3212","SC","DATSCAN","07/2011","1","07/2011","1","","1","1","","07/2011","2020-04-22 10:47:10","","07/2011"
"354202601","S","3212","V04","DATSCAN","06/2012","1","06/2012","1","","1","","","07/2012","2020-04-22 10:47:11","","08/2012"
"407518401","S","3212","V06","DATSCAN","07/2013","1","07/2013","1","","1","","","08/2013","2020-04-22 10:47:12","","08/2013"
"529077001","S","3212","V10","DATSCAN","07/2015","1","07/2015","1","","1","","","07/2015","2020-04-22 10:47:13","","07/2015"
"306649101","S","3305","SC","DATSCAN","07/2011","1","07/2011","1","","1","1","","07/2011","2020-06-08 11:26:32","","07/2011"
"362687401","S","3305","V04","DATSCAN","09/2012","1","09/2012","1","","1","","","09/2012","2020-06-08 11:27:35","","09/2012"
"759488501","S","3305","V10","DATSCAN","07/2015","0","","","","","","","11/2019","2020-06-08 11:31:52","","11/2019"
"306231701","S","3657","SC","DATSCAN","07/2011","1","07/2011","1","","1","1","","07/2011","2020-01-16 09:36:22","","07/2011"
"367513201","S","3657","V04","DATSCAN","09/2012","1","09/2012","1","","1","","","10/2012","2020-01-16 09:36:24","","10/2012"
"306547901","S","3807","SC","DATSCAN","07/2011","0","","","","","","","07/2011","2020-05-06 13:42:39","","07/2011"
"361635801","S","3807","V04","DATSCAN","08/2012","1","08/2012","1","","1","2","","09/2012","2020-05-06 13:42:40","","09/2012"
"308534201","S","3167","SC","DATSCAN","08/2011","1","08/2011","1","","1","1","","08/2011","2020-02-12 14:31:44","","08/2011"
"309298401","S","3269","SC","DATSCAN","08/2011","1","08/2011","1","","1","1","","08/2011","2020-06-24 14:00:07","","08/2011"
"371949801","S","3269","V04","DATSCAN","11/2012","1","11/2012","1","","1","","","11/2012","2020-06-24 14:00:09","","11/2012"
"439331501","S","3269","ST","DATSCAN","10/2013","0","","","","","","","05/2014","2020-06-24 14:00:08","","03/2015"
"534774001","S","3269","V10","DATSCAN","09/2015","0","","","","","","","09/2015","2020-06-24 14:00:10","","09/2015"
"310596701","S","3365","SC","DATSCAN","07/2011","1","07/2011","1","","1","1","","08/2011","2020-06-26 14:31:01","","08/2011"
"372683601","S","3365","V04","DATSCAN","08/2012","1","08/2012","1","","1","","","11/2012","2020-06-26 14:31:02","","11/2012"
"414728201","S","3365","V06","DATSCAN","10/2013","1","10/2013","1","","1","","","10/2013","2020-06-26 14:31:03","","10/2013"
"551212801","S","3365","V10","DATSCAN","01/2016","1","01/2016","1","","1","","","01/2016","2020-06-26 14:31:04","","01/2016"
"310628701","S","3366","SC","DATSCAN","07/2011","1","07/2011","1","","1","1","","08/2011","2020-06-26 14:31:23","","08/2011"
"412067501","S","3366","V04","DATSCAN","09/2012","1","09/2012","1","","1","","","09/2013","2020-06-26 14:31:25","","09/2013"
"412125301","S","3366","V06","DATSCAN","09/2013","1","09/2013","1","","1","","","09/2013","2020-06-26 14:31:25","","01/2014"
"540953401","S","3366","V10","DATSCAN","10/2015","1","10/2015","1","","1","","","10/2015","2020-06-26 14:31:26","","10/2015"
"308535401","S","3166","SC","DATSCAN","08/2011","1","08/2011","1","","1","1","","08/2011","2020-01-09 10:34:47","","08/2011"
"365183501","S","3166","V04","DATSCAN","10/2012","1","09/2012","1","","1","","","10/2012","2020-01-09 10:34:49","","10/2012"
"412729801","S","3166","V06","DATSCAN","09/2013","1","09/2013","1","","1","","","09/2013","2020-01-09 10:34:50","","09/2013"
"537832601","S","3166","V10","DATSCAN","09/2015","0","","","","","","","09/2015","2020-01-09 10:34:51","","09/2015"
"310382501","S","3808","SC","DATSCAN","08/2011","1","08/2011","1","","1","1","","08/2011","2020-06-26 10:08:02","","09/2011"
"361946701","S","3808","V04","DATSCAN","08/2012","1","08/2012","1","","1","1","","09/2012","2020-06-26 10:08:04","","09/2012"
"409472501","S","3808","V06","DATSCAN","08/2013","1","08/2013","1","","1","1","","08/2013","2020-06-26 10:08:04","","08/2013"
"534587201","S","3808","V10","DATSCAN","08/2015","1","08/2015","1","","1","","","09/2015","2020-06-26 10:08:05","","09/2015"
"312031001","S","3270","SC","DATSCAN","09/2011","1","09/2011","1","","1","2","","09/2011","2020-05-12 10:32:26","","09/2011"
"307904201","S","3213","SC","DATSCAN","08/2011","1","08/2011","1","","1","2","","08/2011","2020-04-22 10:46:25","","08/2011"
"307918201","S","3214","SC","DATSCAN","08/2011","1","08/2011","1","","1","1","","08/2011","2020-06-26 19:12:04","","08/2011"
"347806701","S","3214","ST","DATSCAN","05/2012","1","05/2012","1","","1","","","05/2012","2020-06-26 19:12:22","","05/2012"
"412846801","S","3214","V06","DATSCAN","09/2013","1","09/2013","1","","1","","","09/2013","2020-06-26 19:12:46","","09/2013"
"533169501","S","3214","V10","DATSCAN","08/2015","1","08/2015","1","","1","","","08/2015","2020-06-26 19:13:34","","08/2015"
"315191001","S","4004","SC","DATSCAN","07/2011","0","","","","","","","10/2011","2020-01-15 12:22:07","","10/2011"
"315194801","S","4004","U01","DATSCAN","09/2011","1","09/2011","1","","1","2","","10/2011","2020-01-15 12:22:08","","10/2011"
"308310801","S","4005","SC","DATSCAN","08/2011","1","08/2011","1","","1","1","","08/2011","2020-05-21 11:53:16","","08/2011"
"361437001","S","4005","V04","DATSCAN","09/2012","1","09/2012","1","","1","1","","09/2012","2020-05-21 11:53:18","","09/2012"
"411550801","S","4005","V06","DATSCAN","09/2013","1","09/2013","1","","1","1","","09/2013","2020-05-21 11:53:18","","09/2013"
"538180601","S","4005","V10","DATSCAN","09/2015","1","09/2015","1","","1","","","10/2015","2020-05-21 11:53:20","","10/2015"
"308327001","S","3215","SC","DATSCAN","08/2011","1","08/2011","1","","1","2","","08/2011","2020-06-26 19:12:05","","08/2011"
"308425001","S","3216","SC","DATSCAN","08/2011","1","08/2011","1","","1","2","","08/2011","2020-06-26 19:12:04","","08/2011"
"308533301","S","4006","SC","DATSCAN","08/2011","1","08/2011","1","","1","1","","08/2011","2020-05-12 11:10:58","","08/2011"
"310365801","S","3168","SC","DATSCAN","08/2011","1","08/2011","1","","1","1","","08/2011","2020-06-30 09:45:19","","08/2011"
"367703801","S","3168","V04","DATSCAN","10/2012","1","10/2012","1","","1","","","10/2012","2020-06-30 09:45:20","","10/2012"
"411287001","S","3168","V06","DATSCAN","08/2013","1","08/2013","1","","1","","","09/2013","2020-06-30 09:45:21","","09/2013"
"541347701","S","3168","V10","DATSCAN","10/2015","1","10/2015","1","","1","","","10/2015","2020-06-30 09:45:22","","10/2015"
"311678801","S","3616","SC","DATSCAN","08/2011","1","08/2011","1","","1","1","","09/2011","2020-06-26 16:45:58","","09/2011"
"364348201","S","3616","V04","DATSCAN","09/2012","1","09/2012","1","","1","","","09/2012","2020-06-26 16:46:12","","09/2012"
"552379901","S","3616","V10","DATSCAN","01/2016","1","01/2016","1","","1","","","02/2016","2020-06-26 16:46:47","","02/2016"
"771838601","S","3616","V06","DATSCAN","04/2014","0","","","","","","","06/2020","2020-06-26 16:47:31","","06/2020"
"312760201","S","3271","SC","DATSCAN","09/2011","1","09/2011","1","","1","2","","09/2011","2020-05-19 12:47:03","","09/2011"
"310709301","S","3367","SC","DATSCAN","08/2011","1","08/2011","1","","1","1","","08/2011","2020-06-26 14:31:44","","08/2011"
"380738101","S","3367","V04","DATSCAN","08/2012","1","08/2012","1","","1","","","01/2013","2020-06-26 14:31:46","","01/2013"
"414031001","S","3367","V06","DATSCAN","08/2013","1","08/2013","1","","1","","","10/2013","2020-06-26 14:31:46","","10/2013"
"541229201","S","3367","V10","DATSCAN","08/2015","1","08/2015","1","","1","","","10/2015","2020-06-26 14:31:48","","10/2015"
"309053101","S","3432","SC","DATSCAN","08/2011","1","08/2011","1","1","1","1","","08/2011","2020-06-30 09:06:17","","08/2011"
"362796701","S","3432","ST","DATSCAN","08/2012","1","08/2012","1","","1","","","09/2012","2020-06-30 09:06:18","","09/2012"
"413728501","S","3432","V06","DATSCAN","10/2013","1","10/2013","1","","1","","","10/2013","2020-06-30 09:06:19","","10/2013"
"538467301","S","3432","V10","DATSCAN","09/2015","1","09/2015","1","","1","","","10/2015","2020-06-30 09:06:20","","10/2015"
"309783501","S","3431","SC","DATSCAN","08/2011","1","08/2011","1","","1","1","","08/2011","2020-06-30 08:55:10","","08/2011"
"365123101","S","3431","V04","DATSCAN","10/2012","1","10/2012","1","","1","","","10/2012","2020-06-30 08:55:12","","10/2012"
"414403101","S","3431","V06","DATSCAN","10/2013","1","10/2013","1","","1","","","10/2013","2020-06-30 08:55:12","","10/2013"
"539352101","S","3431","V10","DATSCAN","10/2015","1","10/2015","1","","1","","","10/2015","2020-06-30 08:55:13","","10/2015"
"310451501","S","4008","SC","DATSCAN","08/2011","1","08/2011","1","","1","2","","08/2011","2020-02-12 11:25:24","","08/2011"
"310444601","S","4007","SC","DATSCAN","08/2011","1","08/2011","1","","1","2","","08/2011","2020-02-12 11:25:16","","08/2011"
"312620201","S","3272","SC","DATSCAN","09/2011","1","09/2011","1","","1","1","","09/2011","2020-04-22 13:07:55","","09/2011"
"370935501","S","3272","V04","DATSCAN","09/2012","1","09/2012","1","","1","2","","11/2012","2020-04-22 13:07:57","","11/2012"
"771882301","S","3272","V06","DATSCAN","10/2013","0","","","","","","","06/2020","2020-06-26 14:58:16","","06/2020"
"317702101","S","4009","SC","DATSCAN","08/2011","0","","","","","","","10/2011","2020-01-16 07:52:17","","10/2011"
"317706501","S","4009","U01","DATSCAN","09/2011","1","09/2011","1","","1","2","","10/2011","2020-01-16 07:52:18","","10/2011"
"316063201","S","3755","SC","DATSCAN","09/2011","1","09/2011","1","1","1","2","","10/2011","2020-06-30 16:59:59","","10/2011"
"411940801","S","3755","V06","DATSCAN","09/2013","1","09/2013","1","","1","","","09/2013","2020-06-30 17:00:31","","09/2013"
"311644201","S","3950","SC","DATSCAN","08/2011","1","08/2011","1","","1","2","","09/2011","2020-06-29 10:08:46","","09/2011"
"309228801","S","3857","SC","DATSCAN","08/2011","1","08/2011","1","","1","2","","08/2011","2020-06-26 18:17:39","","08/2011"
"310092401","S","3756","SC","DATSCAN","08/2011","0","","","","","","","08/2011","2020-01-24 15:23:36","","08/2011"
"373766501","S","3756","V04","DATSCAN","11/2012","1","11/2012","1","","1","2","","11/2012","2020-01-24 15:26:20","","12/2012"
"315238001","S","4010","SC","DATSCAN","08/2011","1","08/2011","1","","1","2","","10/2011","2020-06-29 13:39:09","","10/2011"
"316621801","S","3951","SC","DATSCAN","09/2011","1","09/2011","1","","1","1","","10/2011","2020-06-22 12:40:52","","10/2011"
"367549401","S","3951","ST","DATSCAN","09/2012","1","09/2012","1","","1","","","10/2012","2020-06-22 12:40:53","","10/2012"
"417214101","S","3951","V06","DATSCAN","10/2013","1","10/2013","1","","1","1","","11/2013","2020-06-22 12:40:54","","11/2013"
"309376001","S","3809","SC","DATSCAN","08/2011","0","","","","","","","08/2011","2020-05-05 15:36:51","","08/2011"
"311056601","S","3517","SC","DATSCAN","08/2011","1","08/2011","1","","1","2","","08/2011","2020-06-25 15:24:33","","08/2011"
"311413401","S","3070","SC","DATSCAN","08/2011","1","08/2011","1","","1","1","","09/2011","2020-02-11 15:07:35","","09/2011"
"312578801","S","3518","SC","DATSCAN","09/2011","1","09/2011","1","","1","2","","09/2011","2020-01-14 09:30:15","","09/2011"
"312554901","S","3810","SC","DATSCAN","09/2011","1","09/2011","1","","1","2","","09/2011","2020-02-12 11:32:57","","09/2011"
"311524601","S","3462","SC","DATSCAN","09/2011","1","09/2011","1","","1","1","","09/2011","2020-01-14 09:16:13","","09/2011"
"362048301","S","3462","V04","DATSCAN","09/2012","1","09/2012","1","","1","","","09/2012","2020-01-14 09:16:15","","09/2012"
"412388001","S","3462","V06","DATSCAN","09/2013","1","09/2013","1","","1","","","09/2013","2020-01-14 09:16:15","","09/2013"
"536994201","S","3462","V10","DATSCAN","09/2015","1","09/2015","1","","1","","","09/2015","2020-01-14 09:16:16","","09/2015"
"310061101","S","3858","SC","DATSCAN","08/2011","1","08/2011","1","","1","1","","08/2011","2020-05-05 15:37:48","","08/2011"
"310225201","S","3859","SC","DATSCAN","08/2011","1","08/2011","1","","1","2","","08/2011","2020-06-18 15:43:56","","08/2011"
"310445301","S","3572","SC","DATSCAN","08/2011","1","08/2011","1","","1","2","","08/2011","2020-06-30 12:14:55","","08/2011"
"312579401","S","3519","SC","DATSCAN","09/2011","1","09/2011","1","","1","2","","09/2011","2020-06-25 15:25:00","","09/2011"
"310735801","S","3368","SC","DATSCAN","08/2011","1","08/2011","1","","1","2","","08/2011","2020-06-26 14:32:09","","08/2011"
"314920601","S","3952","SC","DATSCAN","09/2011","1","09/2011","1","","1","2","","09/2011","2020-05-05 15:23:58","","09/2011"
"311283701","S","3217","SC","DATSCAN","08/2011","1","08/2011","1","","1","2","","09/2011","2020-06-26 19:12:07","","09/2011"
"313877101","S","3573","SC","DATSCAN","08/2011","1","08/2011","1","","1","2","","09/2011","2020-06-30 12:15:15","","09/2011"
"432002701","S","3573","V06","DATSCAN","03/2014","1","03/2014","1","","1","2","","03/2014","2020-06-30 12:15:17","","03/2014"
"317597401","S","3520","SC","DATSCAN","09/2011","1","09/2011","1","","1","2","","10/2011","2020-06-25 15:25:17","","10/2011"
"417803201","S","3520","V06","DATSCAN","11/2013","1","11/2013","1","","1","2","","11/2013","2020-06-25 15:25:18","","11/2013"
"311424201","S","3072","SC","DATSCAN","08/2011","1","08/2011","1","","1","2","","09/2011","2020-06-24 12:33:35","","09/2011"
"314100501","S","3617","SC","DATSCAN","09/2011","1","09/2011","1","","1","1","","09/2011","2020-01-15 09:55:15","","09/2011"
"374509801","S","3617","V04","DATSCAN","10/2012","1","10/2012","1","","1","","","11/2012","2020-01-15 09:55:17","","11/2012"
"422654001","S","3617","V06","DATSCAN","10/2013","1","10/2013","1","","1","","","01/2014","2020-01-15 09:55:17","","01/2014"
"312620801","S","3433","SC","DATSCAN","09/2011","1","09/2011","1","","1","1","","09/2011","2020-06-30 09:06:55","","09/2011"
"364242401","S","3433","V04","DATSCAN","09/2012","1","09/2012","1","","1","","","09/2012","2020-06-30 09:06:57","","09/2012"
"413347801","S","3433","V06","DATSCAN","09/2013","1","09/2013","1","","1","","","10/2013","2020-06-30 09:06:57","","10/2013"
"539905001","S","3433","V10","DATSCAN","10/2015","1","10/2015","1","","1","","","10/2015","2020-06-30 09:06:58","","10/2015"
"313195501","S","3369","SC","DATSCAN","09/2011","1","09/2011","1","","1","2","","09/2011","2020-06-26 14:32:24","","09/2011"
"314227301","S","3618","SC","DATSCAN","09/2011","1","09/2011","1","","1","1","","09/2011","2020-02-12 11:23:10","","09/2011"
"314709601","S","3574","SC","DATSCAN","09/2011","1","09/2011","1","","1","1","","09/2011","2020-06-30 12:15:28","","09/2011"
"365418201","S","3574","ST","DATSCAN","10/2012","1","10/2012","1","","1","1","","10/2012","2020-06-30 12:15:29","","10/2012"
"416359001","S","3574","V06","DATSCAN","10/2013","1","10/2013","1","","0","","","10/2013","2020-06-30 12:15:30","","10/2013"
"538894201","S","3574","V10","DATSCAN","10/2015","0","","","","","","","10/2015","2020-06-30 12:15:31","","10/2015"
"316062501","S","3757","SC","DATSCAN","09/2011","1","09/2011","1","1","1","1","","10/2011","2020-06-30 16:59:59","","10/2011"
"390728001","S","3757","V04","DATSCAN","03/2013","1","03/2013","1","","1","","","03/2013","2020-06-30 17:00:24","","03/2013"
"413196301","S","3757","V06","DATSCAN","09/2013","1","09/2013","1","","1","","","09/2013","2020-06-30 17:00:31","","09/2013"
"756379801","S","3757","V10","DATSCAN","09/2015","1","09/2015","1","1","1","","","09/2019","2020-06-30 17:01:39","","09/2019"
"316060501","S","3758","SC","DATSCAN","09/2011","1","09/2011","1","1","1","1","","10/2011","2020-06-30 16:59:59","","10/2011"
"392539301","S","3758","V04","DATSCAN","04/2013","1","04/2013","1","","1","","","04/2013","2020-06-30 17:00:25","","04/2013"
"414499301","S","3758","V06","DATSCAN","10/2013","1","10/2013","1","","1","","","10/2013","2020-06-30 17:00:32","","10/2013"
"543607301","S","3758","V10","DATSCAN","09/2015","1","09/2015","1","","1","","","11/2015","2020-06-30 17:00:57","","11/2015"
"316625001","S","3953","SC","DATSCAN","10/2011","1","10/2011","1","","1","1","","10/2011","2020-06-29 10:09:16","","10/2011"
"371162801","S","3953","V04","DATSCAN","11/2012","1","11/2012","1","","1","","","11/2012","2020-06-29 10:09:18","","11/2012"
"409465101","S","3953","ST","DATSCAN","08/2013","1","08/2013","1","","1","","","08/2013","2020-06-03 12:26:31","","08/2013"
"766508501","S","3953","V10","DATSCAN","03/2016","1","03/2016","1","","1","","","02/2020","2021-10-13 00:00:00","","02/2020"
"313186401","S","3306","SC","DATSCAN","09/2011","0","","","","","","","09/2011","2020-02-11 15:23:29","","09/2011"
"325422101","S","3169","SC","DATSCAN","11/2011","1","11/2011","1","","1","2","","12/2011","2020-06-30 09:45:36","","12/2011"
"313822901","S","3575","SC","DATSCAN","09/2011","1","09/2011","1","","1","1","","09/2011","2020-06-30 12:15:43","","09/2011"
"370035301","S","3575","V04","DATSCAN","10/2012","1","10/2012","1","","1","1","","11/2012","2020-06-30 12:15:45","","11/2012"
"421753201","S","3575","V06","DATSCAN","12/2013","1","12/2013","1","","1","","","12/2013","2020-06-30 12:15:45","","12/2013"
"543339001","S","3575","V10","DATSCAN","10/2015","0","","","","","","","11/2015","2020-06-30 12:15:46","","11/2015"
"319415801","S","3619","SC","DATSCAN","10/2011","1","10/2011","1","","1","2","","11/2011","2020-06-26 16:46:00","","11/2011"
"314321701","S","3576","SC","DATSCAN","09/2011","1","09/2011","1","","1","2","","09/2011","2020-02-12 11:19:18","","09/2011"
"314288001","S","3811","SC","DATSCAN","09/2011","0","","","","","","","09/2011","2020-06-26 10:09:27","","09/2011"
"366890801","S","3811","V04","DATSCAN","10/2012","1","10/2012","1","","1","2","","10/2012","2020-06-26 10:09:28","","10/2012"
"317097201","S","3464","SC","DATSCAN","10/2011","1","10/2011","1","","1","2","","10/2011","2020-06-24 19:01:19","","10/2011"
"317241401","S","3465","SC","DATSCAN","10/2011","1","10/2011","1","","1","2","","10/2011","2020-06-22 12:23:07","","10/2011"
"419270901","S","3465","V06","DATSCAN","11/2013","1","11/2013","1","","1","1","","11/2013","2020-06-22 12:23:09","","11/2013"
"544618101","S","3465","V10","DATSCAN","11/2015","1","11/2015","1","","1","","","11/2015","2020-06-22 12:23:10","","11/2015"
"315323401","S","3435","SC","DATSCAN","09/2011","1","09/2011","1","","1","1","","10/2011","2020-06-30 09:12:38","","10/2011"
"369468001","S","3435","V04","DATSCAN","10/2012","1","10/2012","1","","1","","","10/2012","2020-06-30 09:12:40","","10/2012"
"418382801","S","3435","V06","DATSCAN","11/2013","1","11/2013","1","","1","","","11/2013","2020-06-30 09:12:40","","11/2013"
"545272901","S","3435","V10","DATSCAN","11/2015","1","11/2015","1","","1","","","11/2015","2020-06-30 09:12:41","","11/2015"
"314846001","S","3577","SC","DATSCAN","09/2011","1","09/2011","1","","1","1","","09/2011","2020-06-30 12:34:37","","09/2011"
"379475301","S","3577","V04","DATSCAN","12/2012","1","12/2012","1","","1","","","12/2012","2020-06-30 12:34:39","","12/2012"
"420348101","S","3577","V06","DATSCAN","12/2013","1","12/2013","1","","1","","","12/2013","2020-06-30 12:34:40","","12/2013"
"548404701","S","3577","V10","DATSCAN","12/2015","0","","","","","","","12/2015","2020-06-30 12:34:41","","12/2015"
"314771301","S","3434","SC","DATSCAN","09/2011","1","09/2011","1","","1","1","","09/2011","2020-06-30 09:07:32","","09/2011"
"367023301","S","3434","V04","DATSCAN","10/2012","1","10/2012","1","","1","","","10/2012","2020-06-30 09:07:33","","10/2012"
"415071401","S","3434","V06","DATSCAN","10/2013","1","10/2013","1","","1","","","10/2013","2020-06-30 09:07:33","","10/2013"
"540360601","S","3434","V10","DATSCAN","10/2015","1","10/2015","1","","1","","","10/2015","2020-06-30 09:07:35","","10/2015"
"317330801","S","3275","SC","DATSCAN","10/2011","1","10/2011","1","","1","1","","10/2011","2020-06-22 11:56:39","","10/2011"
"372065801","S","3275","V04","DATSCAN","11/2012","1","11/2012","1","","1","","","11/2012","2020-06-22 11:56:41","","11/2012"
"524351601","S","3275","V06","DATSCAN","08/2014","0","","","","","","","06/2015","2020-06-22 11:56:41","","06/2015"
"546523901","S","3275","V10","DATSCAN","12/2015","0","","","","","","","12/2015","2020-06-22 11:56:42","","12/2015"
"317702901","S","4011","SC","DATSCAN","10/2011","1","10/2011","1","","1","1","","10/2011","2020-06-29 13:43:15","","10/2011"
"380280001","S","4011","V04","DATSCAN","01/2013","1","01/2013","1","","1","1","","01/2013","2020-06-29 13:43:17","","01/2013"
"428677301","S","4011","V06","DATSCAN","02/2014","1","02/2014","1","","1","","","02/2014","2020-06-29 13:43:17","","02/2014"
"553547401","S","4011","V10","DATSCAN","01/2016","1","01/2016","1","","1","","","02/2016","2020-06-29 13:43:18","","02/2016"
"315044401","S","3073","SC","DATSCAN","09/2011","1","09/2011","1","","1","2","","09/2011","2020-06-22 11:51:48","","09/2011"
"316572501","S","3276","SC","DATSCAN","10/2011","1","10/2011","1","","1","2","","10/2011","2020-05-12 10:32:38","","10/2011"
"315219701","S","3812","SC","DATSCAN","10/2011","0","","","","","","","10/2011","2020-05-05 15:37:10","","10/2011"
"366882601","S","3812","V04","DATSCAN","09/2012","1","09/2012","1","","1","2","","10/2012","2020-05-05 15:37:11","","10/2012"
"315532001","S","3813","SC","DATSCAN","10/2011","0","","","","","","","10/2011","2020-06-26 10:10:40","","10/2011"
"371107501","S","3813","V04","DATSCAN","10/2012","1","10/2012","1","","1","2","","11/2012","2020-06-26 10:10:41","","11/2012"
"315895301","S","3218","SC","DATSCAN","10/2011","1","10/2011","1","","1","1","","10/2011","2020-06-26 19:12:09","","10/2011"
"372635201","S","3218","V04","DATSCAN","11/2012","1","11/2012","1","","1","","","11/2012","2020-06-26 19:12:31","","11/2012"
"416725401","S","3218","V06","DATSCAN","10/2013","1","10/2013","1","","1","","","11/2013","2020-06-26 19:12:49","","11/2013"
"543740001","S","3218","V10","DATSCAN","11/2015","1","11/2015","1","","1","","","11/2015","2020-06-26 19:13:38","","11/2015"
"317331701","S","3277","SC","DATSCAN","10/2011","1","10/2011","1","","1","2","","10/2011","2020-06-24 14:00:37","","10/2011"
"317565201","S","3759","SC","DATSCAN","10/2011","0","","","","","","","10/2011","2020-06-22 12:57:30","","10/2011"
"377729301","S","3759","V04","DATSCAN","11/2012","1","11/2012","1","","1","2","","12/2012","2020-06-22 12:57:31","","12/2012"
"317565601","S","3760","SC","DATSCAN","10/2011","1","10/2011","1","1","1","1","","10/2011","2020-06-30 17:00:00","","10/2011"
"377937401","S","3760","V04","DATSCAN","01/2013","1","01/2013","1","","1","","","12/2012","2020-06-30 17:00:17","","12/2012"
"420383901","S","3760","V06","DATSCAN","12/2013","1","12/2013","1","","1","","","12/2013","2020-06-30 17:00:35","","01/2014"
"545550901","S","3760","V10","DATSCAN","11/2015","1","11/2015","1","","1","","","12/2015","2020-06-30 17:00:59","","12/2015"
"320039201","S","3116","SC","DATSCAN","10/2011","1","10/2011","1","","1","1","","11/2011","2020-05-29 13:40:06","","11/2011"
"372528001","S","3116","V04","DATSCAN","11/2012","1","11/2012","1","","1","","","11/2012","2020-05-29 13:41:47","","11/2012"
"420434301","S","3116","V06","DATSCAN","11/2013","1","11/2013","1","","1","","","12/2013","2020-05-29 13:43:01","","12/2013"
"548485901","S","3116","V10","DATSCAN","12/2015","1","12/2015","1","","1","","","12/2015","2020-05-29 13:45:16","","12/2015"
"316705001","S","3012","SC","DATSCAN","10/2011","1","10/2011","1","","1","1","","10/2011","2020-06-30 09:25:21","","10/2011"
"382877501","S","3012","V04","DATSCAN","01/2013","1","01/2013","1","","1","","","01/2013","2020-06-30 09:25:32","","01/2013"
"428485201","S","3012","V06","DATSCAN","01/2014","1","01/2014","1","","1","","","02/2014","2020-06-30 09:25:41","","02/2014"
"493306101","S","3012","V08","DATSCAN","01/2015","0","","","","","","","01/2015","2020-06-30 09:25:46","","01/2015"
"544923601","S","3012","V10","DATSCAN","11/2015","1","11/2015","1","","1","","","11/2015","2020-06-30 09:25:53","","11/2015"
"316364301","S","3273","SC","DATSCAN","08/2011","0","","","","","","","10/2011","2014-10-27 09:44:46","","10/2011"
"326390001","S","3521","SC","DATSCAN","12/2011","1","12/2011","1","","1","2","","12/2011","2020-06-25 15:25:30","","12/2011"
"317287001","S","3219","SC","DATSCAN","10/2011","1","10/2011","1","","1","2","","10/2011","2020-06-26 19:12:10","","10/2011"
"320431101","S","3274","SC","DATSCAN","08/2011","0","","","","","","","11/2011","2020-06-26 14:58:35","","11/2011"
"321762901","S","3274","U01","DATSCAN","11/2011","1","11/2011","1","","1","","","11/2011","2020-06-26 14:58:36","","11/2011"
"316612001","S","3307","SC","DATSCAN","10/2011","1","10/2011","1","","1","1","","10/2011","2020-05-12 10:21:27","","10/2011"
"386079401","S","3307","V04","DATSCAN","11/2012","1","11/2012","1","","1","","","02/2013","2020-05-12 10:21:28","","02/2013"
"426558201","S","3307","V06","DATSCAN","11/2013","1","11/2013","1","","1","","","02/2014","2020-05-12 10:21:29","","02/2014"
"542918101","S","3307","V10","DATSCAN","11/2015","1","11/2015","1","","1","","","11/2015","2020-05-12 10:21:30","","11/2015"
"316835001","S","3761","SC","DATSCAN","10/2011","0","","","","","","","10/2011","2020-02-12 11:31:35","","10/2011"
"317619001","S","3013","SC","DATSCAN","10/2011","1","10/2011","1","","1","2","","10/2011","2020-06-30 09:25:21","","10/2011"
"325548001","S","3762","SC","DATSCAN","11/2011","1","11/2011","1","1","1","1","","12/2011","2020-06-30 17:00:02","","12/2011"
"390050901","S","3762","V04","DATSCAN","01/2013","1","01/2013","1","","1","","","03/2013","2020-06-30 17:00:23","","03/2013"
"420092701","S","3762","V06","DATSCAN","11/2013","1","11/2013","1","","1","","","12/2013","2020-06-30 17:00:34","","12/2013"
"548648601","S","3762","V10","DATSCAN","12/2015","1","12/2015","1","","1","","","12/2015","2020-06-30 17:01:00","","12/2015"
"320002601","S","3620","SC","DATSCAN","11/2011","1","11/2011","1","","1","2","","11/2011","2020-06-26 16:46:00","","11/2011"
"317877301","S","3308","SC","DATSCAN","10/2011","1","10/2011","1","","1","1","","10/2011","2020-06-08 11:40:19","","10/2011"
"382079501","S","3308","V04","DATSCAN","01/2013","1","01/2013","1","","1","","","01/2013","2020-06-08 11:40:21","","01/2013"
"427914101","S","3308","V06","DATSCAN","02/2014","1","02/2014","1","","1","","","02/2014","2020-06-08 11:40:21","","02/2014"
"547282201","S","3308","V10","DATSCAN","12/2015","1","12/2015","1","","1","","","12/2015","2020-06-08 11:40:22","","12/2015"
"325551201","S","3763","SC","DATSCAN","10/2011","1","10/2011","1","1","1","1","","12/2011","2020-05-05 15:36:08","","12/2011"
"420364001","S","3763","V06","DATSCAN","11/2013","1","11/2013","1","","1","","","12/2013","2020-05-05 15:36:10","","12/2013"
"442447201","S","3763","V04","DATSCAN","03/2013","1","03/2013","1","","1","","","06/2014","2020-05-05 15:36:09","","03/2013"
"545357601","S","3763","V10","DATSCAN","10/2015","1","10/2015","1","","1","","","11/2015","2020-05-05 15:36:11","","11/2015"
"318278701","S","3014","SC","DATSCAN","10/2011","1","10/2011","1","","1","1","","10/2011","2020-01-02 12:55:28","","10/2011"
"382476401","S","3014","V04","DATSCAN","12/2012","1","12/2012","1","","1","","","01/2013","2020-01-02 12:55:29","","01/2013"
"449381601","S","3014","V06","DATSCAN","05/2014","1","05/2014","1","","1","","","07/2014","2020-01-02 12:55:30","","07/2014"
"319330901","S","3436","SC","DATSCAN","10/2011","1","10/2011","2","1","1","1","","11/2011","2020-06-30 09:13:40","","11/2011"
"375260701","S","3436","V04","DATSCAN","11/2012","1","11/2012","1","","1","","","11/2012","2020-06-30 09:13:41","","11/2012"
"418769701","S","3436","V06","DATSCAN","11/2013","1","11/2013","1","","1","","","11/2013","2020-06-30 09:13:42","","11/2013"
"545925501","S","3436","V10","DATSCAN","12/2015","1","12/2015","1","","1","","","12/2015","2020-06-30 09:13:43","","12/2015"
"321240501","S","3658","SC","DATSCAN","10/2011","1","10/2011","1","","1","2","","11/2011","2020-01-16 10:15:48","","11/2011"
"321519301","S","3466","SC","DATSCAN","11/2011","1","11/2011","1","","1","2","","11/2011","2020-06-24 19:01:35","","11/2011"
"327560301","S","3170","SC","DATSCAN","12/2011","1","12/2011","1","","1","2","","12/2011","2020-02-19 11:28:56","","12/2011"
"439966501","S","3170","V06","DATSCAN","01/2014","1","01/2014","1","","1","2","","05/2014","2020-02-19 11:29:05","","05/2014"
"327490001","S","3522","SC","DATSCAN","12/2011","1","12/2011","1","","1","1","","12/2011","2020-06-25 15:26:08","","12/2011"
"376208001","S","3522","V04","DATSCAN","11/2012","1","11/2012","1","","1","","","12/2012","2020-06-25 15:26:10","","12/2012"
"419798901","S","3522","ST","DATSCAN","11/2013","1","11/2013","1","","1","","","12/2013","2020-06-25 15:26:08","","12/2013"
"547758201","S","3522","V10","DATSCAN","12/2015","1","12/2015","1","","1","","","12/2015","2020-06-25 15:26:11","","12/2015"
"324385901","S","3814","SC","DATSCAN","08/2011","1","08/2011","","","1","1","","12/2011","2020-06-26 10:11:06","","12/2011"
"378186001","S","3814","V04","DATSCAN","11/2012","1","11/2012","1","","1","","","12/2012","2020-06-26 10:11:08","","01/2013"
"421209701","S","3814","V06","DATSCAN","12/2013","1","12/2013","1","","1","","","12/2013","2020-06-26 10:11:08","","12/2013"
"547869001","S","3814","V10","DATSCAN","12/2015","1","12/2015","1","","1","","","12/2015","2020-06-26 10:11:09","","12/2015"
"324355901","S","3523","SC","DATSCAN","12/2011","1","12/2011","1","","1","2","","12/2011","2020-06-25 15:26:26","","12/2011"
"327865001","S","3524","SC","DATSCAN","12/2011","1","12/2011","1","","1","2","","12/2011","2020-02-12 14:54:42","","12/2011"
"326391601","S","3525","SC","DATSCAN","12/2011","1","12/2011","1","","1","2","","12/2011","2020-06-25 15:26:54","","12/2011"
"327342401","S","3526","SC","DATSCAN","12/2011","1","12/2011","1","","1","2","","12/2011","2020-01-14 11:12:42","","12/2011"
"321594101","S","3815","SC","DATSCAN","11/2011","1","11/2011","1","","1","1","","11/2011","2020-06-22 15:19:10","","11/2011"
"372039201","S","3815","V04","DATSCAN","11/2012","1","11/2012","1","","1","1","","11/2012","2020-06-22 15:19:12","","11/2012"
"417967701","S","3815","V06","DATSCAN","11/2013","1","11/2013","1","","1","1","","11/2013","2020-06-22 15:18:46","","11/2013"
"544995901","S","3815","V10","DATSCAN","11/2015","1","11/2015","1","","1","","","11/2015","2020-06-22 15:19:13","","11/2015"
"325554401","S","3764","SC","DATSCAN","11/2011","1","11/2011","1","1","1","1","","12/2011","2020-02-12 11:31:44","","12/2011"
"319328201","S","3765","SC","DATSCAN","10/2011","0","","","","","","","11/2011","2020-06-30 17:00:01","","11/2011"
"378712401","S","3765","V04","DATSCAN","12/2012","1","12/2012","1","","1","2","","12/2012","2020-06-30 17:00:17","","01/2013"
"319816401","S","3220","SC","DATSCAN","11/2011","1","11/2011","1","","1","1","","11/2011","2020-06-26 19:12:11","","11/2011"
"378955501","S","3220","V04","DATSCAN","12/2012","1","12/2012","1","","1","","","12/2012","2020-06-26 19:12:33","","12/2012"
"418614301","S","3220","ST","DATSCAN","11/2013","1","11/2013","1","","1","","","11/2013","2020-06-26 19:12:51","","11/2013"
"546926701","S","3220","V10","DATSCAN","12/2015","1","12/2015","1","","1","","","12/2015","2020-06-26 19:13:39","","12/2015"
"325927801","S","3221","SC","DATSCAN","12/2011","1","12/2011","1","","1","2","","12/2011","2020-06-26 19:12:12","","12/2011"
"320171401","S","3437","SC","DATSCAN","11/2011","1","11/2011","1","","1","2","","11/2011","2020-02-12 14:52:24","","11/2011"
"321519501","S","4014","SC","DATSCAN","11/2011","1","11/2011","1","","1","2","","11/2011","2020-02-12 11:25:36","","11/2011"
"325554601","S","3766","SC","DATSCAN","11/2011","1","11/2011","1","1","1","1","","12/2011","2020-05-06 13:40:57","","12/2011"
"381868401","S","3766","V04","DATSCAN","12/2012","1","12/2012","1","","1","","","01/2013","2020-05-06 13:40:58","","03/2013"
"427154201","S","3766","V06","DATSCAN","01/2014","1","01/2014","1","","1","","","02/2014","2020-05-06 13:40:59","","02/2014"
"320266801","S","3015","SC","DATSCAN","11/2011","0","","","","","","","11/2011","2014-10-27 08:41:32","","11/2011"
"320577801","S","3816","SC","DATSCAN","11/2011","0","","","","","","","11/2011","2020-06-26 10:12:51","","11/2011"
"382535001","S","3816","V04","DATSCAN","12/2012","1","12/2012","1","","1","2","","01/2013","2020-06-26 10:12:52","","01/2013"
"320593901","S","3438","SC","DATSCAN","11/2011","1","11/2011","1","","1","2","","11/2011","2020-02-12 14:52:34","","11/2011"
"322828901","S","3278","SC","DATSCAN","11/2011","1","11/2011","1","","1","1","","12/2011","2020-06-24 14:01:14","","12/2011"
"379972101","S","3278","V04","DATSCAN","12/2012","1","12/2012","1","","1","","","01/2013","2020-06-24 14:01:16","","01/2013"
"489234401","S","3278","V06","DATSCAN","04/2014","0","","","","","","","12/2014","2020-06-24 14:01:16","","12/2014"
"497089901","S","3278","V08","DATSCAN","12/2014","0","","","","","","","01/2015","2020-06-24 14:01:16","","10/2015"
"544565401","S","3278","V10","DATSCAN","11/2015","0","","","","","","","11/2015","2020-06-24 14:01:17","","11/2015"
"321613301","S","3767","SC","DATSCAN","11/2011","0","","","","","","","11/2011","2020-06-30 17:00:01","","11/2011"
"382227701","S","3767","V04","DATSCAN","10/2012","1","10/2012","1","","1","2","","01/2013","2020-06-30 17:00:18","","02/2013"
"324049501","S","3467","SC","DATSCAN","11/2011","1","11/2011","1","","1","1","","12/2011","2020-06-24 19:02:20","","12/2011"
"377874901","S","3467","V04","DATSCAN","12/2012","1","12/2012","1","","1","","","12/2012","2020-06-24 19:02:22","","12/2012"
"421285701","S","3467","V06","DATSCAN","12/2013","1","12/2013","1","","1","","","12/2013","2020-06-24 19:02:22","","12/2013"
"547754401","S","3467","V10","DATSCAN","12/2015","1","12/2015","1","","1","","","12/2015","2020-06-24 19:02:24","","12/2015"
"321312301","S","3071","SC","DATSCAN","10/2011","1","10/2011","1","","1","2","","11/2011","2020-06-24 12:33:39","","11/2011"
"321324701","S","3074","SC","DATSCAN","10/2011","1","10/2011","1","","1","2","","11/2011","2020-06-24 12:33:38","","11/2011"
"321336901","S","3075","SC","DATSCAN","11/2011","1","11/2011","1","","1","2","","11/2011","2020-06-24 12:33:38","","11/2011"
"321455501","S","4012","SC","DATSCAN","11/2011","1","11/2011","1","","1","1","","11/2011","2020-06-22 12:51:45","","11/2011"
"369448601","S","4012","V04","DATSCAN","10/2012","1","10/2012","1","","1","1","","10/2012","2020-06-22 12:51:47","","10/2012"
"420479701","S","4012","V06","DATSCAN","12/2013","1","12/2013","1","","1","1","","12/2013","2020-06-22 12:51:47","","12/2013"
"545464301","S","4012","V10","DATSCAN","11/2015","1","11/2015","1","","1","","","11/2015","2020-06-22 12:51:48","","11/2015"
"321434301","S","4015","SC","DATSCAN","11/2011","0","","","","","","","11/2011","2020-02-12 11:25:42","","11/2011"
"321774901","S","4013","SC","DATSCAN","11/2011","1","11/2011","1","","1","1","","11/2011","2020-05-12 10:26:44","","11/2011"
"380566601","S","4013","V04","DATSCAN","12/2012","0","","","","","","","01/2013","2020-05-12 10:26:46","","01/2013"
"426231301","S","4013","V06","DATSCAN","01/2014","1","01/2014","1","","1","","","01/2014","2020-05-12 10:26:46","","01/2014"
"321813301","S","3768","SC","DATSCAN","11/2011","0","","","","","","","11/2011","2020-06-30 17:00:02","","11/2011"
"377957901","S","3768","V04","DATSCAN","12/2012","1","12/2012","1","","1","2","","12/2012","2020-06-30 17:00:17","","01/2013"
"322764101","S","3439","SC","DATSCAN","11/2011","1","11/2011","1","","1","1","","12/2011","2020-06-30 09:14:49","","12/2011"
"381046801","S","3439","V04","DATSCAN","01/2013","1","01/2013","1","","1","","","01/2013","2020-06-30 09:14:50","","01/2013"
"423666101","S","3439","V06","DATSCAN","01/2014","1","01/2014","1","","1","","","01/2014","2020-06-30 09:14:51","","01/2014"
"551623301","S","3439","V10","DATSCAN","01/2016","1","01/2016","1","","1","","","01/2016","2020-06-30 09:14:52","","01/2016"
"326444801","S","4016","SC","DATSCAN","12/2011","1","12/2011","1","","1","1","","12/2011","2020-01-16 07:50:13","","12/2011"
"325794601","S","3171","SC","DATSCAN","12/2011","1","12/2011","1","","1","2","","12/2011","2020-06-30 09:45:52","","12/2011"
"323042701","S","3860","SC","DATSCAN","11/2011","1","11/2011","1","","1","2","","12/2011","2020-06-26 18:17:40","","12/2011"
"428008301","S","3860","V06","DATSCAN","02/2014","1","02/2014","1","","1","2","","02/2014","2020-06-26 18:17:57","","02/2014"
"322497401","S","3817","SC","DATSCAN","11/2011","0","","","","","","","11/2011","2020-06-26 10:13:13","","11/2011"
"383693201","S","3817","V04","DATSCAN","01/2013","1","01/2013","1","","1","2","","01/2013","2020-06-26 10:13:14","","01/2013"
"329396201","S","3621","SC","DATSCAN","12/2011","1","12/2011","1","","1","1","","01/2012","2020-01-15 11:56:52","","01/2012"
"390172901","S","3621","V04","DATSCAN","03/2013","1","03/2013","1","","1","","","03/2013","2020-01-15 11:56:54","","03/2013"
"433130701","S","3621","V06","DATSCAN","03/2014","1","03/2014","1","","1","","","03/2014","2020-01-15 11:56:54","","03/2014"
"324415601","S","3769","SC","DATSCAN","10/2012","1","10/2012","1","","1","2","","12/2011","2020-06-30 17:00:02","","12/2011"
"326663801","S","3370","SC","DATSCAN","11/2011","1","11/2011","1","","1","2","","12/2011","2020-01-13 12:54:34","","12/2011"
"325726201","S","3861","SC","DATSCAN","12/2011","1","12/2011","1","","1","2","","12/2011","2020-06-26 18:17:41","","12/2011"
"544472301","S","3861","U01","DATSCAN","11/2015","1","11/2015","1","","1","","","11/2015","2020-06-26 18:18:05","","11/2015"
"330195801","S","3954","SC","DATSCAN","01/2012","1","01/2012","1","","1","1","","01/2012","2020-06-29 10:09:35","","01/2012"
"383070301","S","3954","V04","DATSCAN","01/2013","1","01/2013","1","","1","","","01/2013","2020-06-29 10:09:36","","01/2013"
"423695801","S","3954","V06","DATSCAN","01/2014","1","01/2014","1","","1","","","01/2014","2020-06-29 10:09:37","","01/2014"
"559327401","S","3954","V10","DATSCAN","03/2016","1","03/2016","1","","1","","","03/2016","2020-06-29 10:09:38","","03/2016"
"331059901","S","3279","SC","DATSCAN","12/2011","1","12/2011","1","","1","1","","01/2012","2020-05-05 14:53:52","","01/2012"
"449310901","S","3279","V06","DATSCAN","07/2014","0","","","","","","","07/2014","2020-05-05 14:53:54","","07/2014"
"500330001","S","3279","V08","DATSCAN","02/2015","0","","","","","","","02/2015","2020-05-05 14:53:54","","02/2015"
"556873901","S","3279","V10","DATSCAN","02/2016","0","","","","","","","02/2016","2020-05-05 14:53:55","","02/2016"
"328168401","S","3172","SC","DATSCAN","12/2011","1","12/2011","1","","1","2","","01/2012","2020-05-12 10:31:43","","01/2012"
"325943801","S","3309","SC","DATSCAN","12/2011","1","12/2011","1","","1","1","","12/2011","2020-06-08 11:45:35","","12/2011"
"387186501","S","3309","V04","DATSCAN","02/2013","1","02/2013","1","","1","","","02/2013","2020-06-08 11:46:43","","02/2013"
"426460101","S","3309","V06","DATSCAN","01/2014","1","01/2014","1","","1","","","02/2014","2020-06-08 11:47:14","","02/2014"
"497163001","S","3309","V08","DATSCAN","12/2014","0","","","","","","","01/2015","2020-06-08 11:47:54","","01/2015"
"549123901","S","3309","V10","DATSCAN","12/2015","1","12/2015","1","","1","","","01/2016","2020-06-08 11:48:26","","01/2016"
"325958601","S","3310","SC","DATSCAN","12/2011","1","12/2011","1","","1","2","","12/2011","2020-06-08 11:52:59","","12/2011"
"327343001","S","3527","SC","DATSCAN","12/2011","1","12/2011","1","","1","2","","12/2011","2020-01-14 09:36:17","","12/2011"
"326013101","S","3528","SC","DATSCAN","12/2011","1","12/2011","1","","1","1","","12/2011","2020-06-25 15:27:35","","12/2011"
"376208401","S","3528","ST","DATSCAN","11/2012","1","11/2012","1","","1","","","12/2012","2020-06-25 15:27:36","","12/2012"
"423148701","S","3528","V06","DATSCAN","01/2014","1","01/2014","1","","1","","","01/2014","2020-06-25 15:27:37","","01/2014"
"550996501","S","3528","V10","DATSCAN","01/2016","1","01/2016","1","","1","","","01/2016","2020-06-25 15:27:38","","01/2016"
"326465601","S","3222","SC","DATSCAN","12/2011","1","12/2011","1","","1","2","","12/2011","2020-06-26 19:12:14","","12/2011"
"327605701","S","3580","SC","DATSCAN","12/2011","1","12/2011","1","","1","2","","12/2011","2020-06-30 12:35:14","","12/2011"
"432142401","S","3580","V06","DATSCAN","03/2014","1","03/2014","1","","1","2","","03/2014","2020-06-30 12:35:15","","03/2014"
"326778701","S","3311","SC","DATSCAN","12/2011","1","12/2011","1","","1","1","","12/2011","2020-01-13 10:42:47","","12/2011"
"328188401","S","3173","SC","DATSCAN","12/2011","1","12/2011","1","","1","1","","01/2012","2020-06-30 09:46:17","","01/2012"
"388421801","S","3173","V04","DATSCAN","02/2013","1","02/2013","1","","1","","","03/2013","2020-06-30 09:46:18","","03/2013"
"433117301","S","3173","V06","DATSCAN","03/2014","1","03/2014","1","","1","","","03/2014","2020-06-30 09:46:19","","03/2014"
"558779401","S","3173","V10","DATSCAN","03/2016","1","03/2016","1","","1","","","03/2016","2020-06-30 09:46:20","","03/2016"
"333342701","S","3622","SC","DATSCAN","01/2012","1","01/2012","1","","1","1","","02/2012","2020-06-26 16:46:03","","02/2012"
"390138101","S","3622","V04","DATSCAN","02/2013","1","02/2013","1","","1","","","03/2013","2020-06-26 16:46:19","","03/2013"
"433161401","S","3622","V06","DATSCAN","03/2014","1","03/2014","1","","1","","","03/2014","2020-06-26 16:46:27","","03/2014"
"574353601","S","3622","V10","DATSCAN","04/2016","1","04/2016","1","","1","","","06/2016","2020-06-26 16:46:52","","06/2016"
"330166701","S","3623","SC","DATSCAN","01/2012","1","01/2012","1","","1","2","","01/2012","2020-02-12 14:57:52","","01/2012"
"331221201","S","3955","SC","DATSCAN","01/2012","1","01/2012","1","","1","2","","01/2012","2020-06-29 10:10:53","","01/2012"
"337471301","S","3770","SC","DATSCAN","01/2012","1","01/2012","1","1","1","1","","03/2012","2020-06-30 17:00:06","","03/2012"
"387457501","S","3770","V04","DATSCAN","02/2013","1","02/2013","1","","1","","","03/2013","2020-06-30 17:00:21","","03/2013"
"441398901","S","3770","V06","DATSCAN","02/2014","1","02/2014","1","","1","","","06/2014","2020-06-30 17:00:40","","06/2014"
"394220901","S","3770","V03","DATSCAN","10/2012","0","","","","","","","04/2013","2020-06-30 17:00:25","","03/2015"
"561674001","S","3770","V10","DATSCAN","01/2016","1","01/2016","1","","1","","","03/2016","2020-06-30 17:01:02","","03/2016"
"328920001","S","3371","SC","DATSCAN","12/2011","1","12/2011","1","","1","1","","01/2012","2020-06-26 14:33:24","","01/2012"
"401311801","S","3371","V04","DATSCAN","02/2013","1","02/2013","1","","1","","","06/2013","2020-06-26 14:33:26","","06/2013"
"453846001","S","3371","V06","DATSCAN","02/2014","1","02/2014","1","","1","","","08/2014","2020-06-26 14:33:26","","08/2014"
"562485001","S","3371","V10","DATSCAN","03/2016","1","03/2016","1","","1","","","04/2016","2020-06-26 14:33:27","","04/2016"
"329741201","S","3529","SC","DATSCAN","01/2012","1","01/2012","1","","1","2","","01/2012","2020-01-14 12:37:25","","01/2012"
"430714701","S","3529","V06","DATSCAN","03/2014","1","03/2014","1","","1","1","","03/2014","2020-01-14 12:41:12","","03/2014"
"330599401","S","3223","SC","DATSCAN","01/2012","1","01/2012","1","","1","1","","01/2012","2020-06-26 19:12:15","","01/2012"
"382161101","S","3223","V04","DATSCAN","01/2013","1","01/2013","1","","1","","","01/2013","2020-06-26 19:12:35","","01/2013"
"425186001","S","3223","ST","DATSCAN","01/2014","1","01/2014","1","","1","","","01/2014","2020-06-26 19:12:54","","01/2014"
"553608101","S","3223","V10","DATSCAN","02/2016","1","02/2016","1","","1","","","02/2016","2020-06-26 19:13:44","","02/2016"
"337492901","S","3771","SC","DATSCAN","01/2012","1","01/2012","1","1","1","1","","03/2012","2020-01-17 08:52:40","","03/2012"
"392935201","S","3771","V04","DATSCAN","03/2013","1","03/2013","1","","1","","","04/2013","2020-01-17 08:52:42","","04/2013"
"442107901","S","3771","V06","DATSCAN","04/2014","1","04/2014","1","","1","","","06/2014","2020-01-17 08:52:42","","06/2014"
"561857301","S","3771","V10","DATSCAN","01/2016","1","01/2016","1","","1","","","03/2016","2020-01-17 08:52:43","","03/2016"
"329127601","S","3772","SC","DATSCAN","01/2012","0","","","","","","","01/2012","2020-01-17 09:00:02","","01/2012"
"330786501","S","3016","SC","DATSCAN","01/2012","1","01/2012","1","","1","2","","01/2012","2020-06-30 09:25:23","","01/2012"
"329417901","S","3312","SC","DATSCAN","01/2012","1","01/2012","1","","1","1","","01/2012","2020-06-08 12:11:40","","01/2012"
"398847601","S","3312","V04","DATSCAN","05/2013","1","05/2013","1","","1","","","05/2013","2020-06-08 12:12:46","","05/2013"
"432460001","S","3312","V06","DATSCAN","03/2014","1","03/2014","1","","1","","","03/2014","2020-06-08 12:13:16","","03/2014"
"559255201","S","3312","V10","DATSCAN","03/2016","1","03/2016","1","","1","","","03/2016","2020-06-08 12:14:36","","03/2016"
"329324301","S","3659","SC","DATSCAN","01/2012","1","01/2012","1","","1","1","","01/2012","2020-01-16 08:20:35","","01/2012"
"395328601","S","3659","V04","DATSCAN","04/2013","1","04/2013","1","","1","1","","04/2013","2020-01-16 08:20:37","","04/2013"
"436637901","S","3659","V06","DATSCAN","03/2014","1","03/2014","1","","1","","","04/2014","2020-01-16 08:20:37","","04/2014"
"329432101","S","3313","SC","DATSCAN","01/2012","1","01/2012","1","","1","1","","01/2012","2020-01-13 10:41:31","","01/2012"
"405663701","S","3313","V04","DATSCAN","07/2013","1","07/2013","1","","1","","","07/2013","2020-01-13 10:41:32","","04/2014"
"560925701","S","3313","V10","DATSCAN","03/2016","0","","","","","","","03/2016","2020-01-13 10:41:33","","03/2016"
"329436701","S","3314","SC","DATSCAN","01/2012","1","01/2012","1","","1","1","","01/2012","2020-01-13 10:38:53","","01/2012"
"406871801","S","3314","V04","DATSCAN","05/2013","0","","","","","","","08/2013","2020-01-13 10:38:55","","08/2013"
"331711001","S","3468","SC","DATSCAN","01/2012","1","01/2012","1","","1","2","","01/2012","2020-06-24 19:02:55","","01/2012"
"333357301","S","3624","SC","DATSCAN","01/2012","1","01/2012","1","","1","1","","02/2012","2020-06-26 16:46:04","","02/2012"
"331712401","S","3469","SC","DATSCAN","01/2012","1","01/2012","1","","1","1","","01/2012","2020-06-24 19:03:22","","01/2012"
"385308801","S","3469","V04","DATSCAN","02/2013","1","02/2013","1","","1","","","02/2013","2020-06-24 19:03:24","","02/2013"
"429155301","S","3469","V06","DATSCAN","02/2014","1","02/2014","1","","1","","","02/2014","2020-06-24 19:03:24","","02/2014"
"552744101","S","3469","V10","DATSCAN","02/2016","1","02/2016","1","","1","","","02/2016","2020-06-24 19:03:25","","02/2016"
"331893501","S","3530","SC","DATSCAN","01/2012","1","01/2012","1","","1","1","","02/2012","2020-06-25 15:28:06","","02/2012"
"388140301","S","3530","V04","DATSCAN","02/2013","1","02/2013","1","","1","","","03/2013","2020-06-25 15:28:08","","03/2013"
"431679901","S","3530","V06","DATSCAN","03/2014","1","03/2014","1","","1","","","03/2014","2020-06-25 15:28:09","","03/2014"
"551865201","S","3530","V10","DATSCAN","01/2016","1","01/2016","1","","1","","","01/2016","2020-06-25 15:28:10","","01/2016"
"330230501","S","3440","SC","DATSCAN","01/2012","1","01/2012","1","","1","1","","01/2012","2020-01-13 14:40:02","","01/2012"
"385398701","S","3440","V04","DATSCAN","02/2013","1","02/2013","1","","1","","","02/2013","2020-01-13 14:40:04","","02/2013"
"333248501","S","3470","SC","DATSCAN","02/2012","1","02/2012","1","","1","1","","02/2012","2020-06-24 19:03:58","","02/2012"
"388496701","S","3470","V04","DATSCAN","03/2013","1","03/2013","1","","1","","","03/2013","2020-06-24 19:03:59","","03/2013"
"434107701","S","3470","V06","DATSCAN","04/2014","1","04/2014","1","","1","","","04/2014","2020-06-24 19:03:59","","04/2014"
"561659501","S","3470","V10","DATSCAN","03/2016","1","03/2016","1","","1","","","03/2016","2020-06-24 19:04:01","","03/2016"
"330745001","S","3118","SC","DATSCAN","01/2012","1","01/2012","1","","1","1","","01/2012","2020-05-29 13:49:07","","01/2012"
"383227601","S","3118","V04","DATSCAN","01/2013","1","01/2013","1","","1","","","01/2013","2020-05-29 13:51:03","","01/2013"
"429228101","S","3118","V06","DATSCAN","02/2014","1","02/2014","1","","1","","","02/2014","2020-05-29 13:52:53","","02/2014"
"557486701","S","3118","V10","DATSCAN","02/2016","1","02/2016","1","","1","","","03/2016","2020-05-29 13:57:47","","03/2016"
"330901201","S","3280","SC","DATSCAN","01/2012","1","01/2012","1","","1","1","","01/2012","2020-06-24 14:01:29","","01/2012"
"446536801","S","3280","V06","DATSCAN","05/2014","0","","","","","","","06/2014","2020-06-24 14:01:30","","06/2014"
"557705001","S","3280","V10","DATSCAN","03/2016","0","","","","","","","03/2016","2020-06-24 14:01:31","","03/2016"
"337474601","S","3773","SC","DATSCAN","01/2012","1","01/2012","1","1","1","1","","03/2012","2020-06-30 17:00:06","","03/2012"
"394226201","S","3773","V04","DATSCAN","03/2013","1","03/2013","1","","1","","","04/2013","2020-06-30 17:00:25","","04/2013"
"433034301","S","3773","V06","DATSCAN","03/2014","1","03/2014","1","","1","","","03/2014","2020-06-30 17:00:38","","03/2014"
"561876201","S","3773","V10","DATSCAN","02/2016","1","02/2016","1","","1","","","03/2016","2020-06-30 17:01:02","","03/2016"
"332937801","S","3076","SC","DATSCAN","02/2012","1","02/2012","1","","1","1","","02/2012","2020-05-12 10:20:10","","02/2012"
"386553401","S","3076","V04","DATSCAN","02/2013","1","02/2013","1","","1","","","02/2013","2020-05-12 10:20:13","","02/2013"
"430826801","S","3076","V06","DATSCAN","03/2014","1","03/2014","1","","1","","","03/2014","2020-05-12 10:20:13","","03/2014"
"562102401","S","3076","V10","DATSCAN","03/2016","0","","","","","","","03/2016","2020-05-12 10:20:15","","03/2016"
"331762201","S","3077","SC","DATSCAN","01/2012","1","01/2012","1","","1","1","","01/2012","2020-06-24 12:33:43","","02/2012"
"390009601","S","3077","V04","DATSCAN","03/2013","1","03/2013","1","","1","","","03/2013","2020-06-24 12:34:05","","03/2013"
"430824401","S","3077","V06","DATSCAN","03/2014","1","03/2014","1","","1","","","03/2014","2020-06-24 12:34:24","","03/2014"
"561026001","S","3077","V10","DATSCAN","03/2016","1","03/2016","1","","1","","","03/2016","2020-06-24 12:35:01","","03/2016"
"334720501","S","3471","SC","DATSCAN","02/2012","1","02/2012","1","","1","1","","02/2012","2020-05-05 15:28:36","","02/2012"
"387364101","S","3471","V04","DATSCAN","02/2013","1","02/2013","1","","1","","","02/2013","2020-05-05 15:28:37","","02/2013"
"431066501","S","3471","V06","DATSCAN","03/2014","1","03/2014","1","","1","","","03/2014","2020-05-05 15:28:38","","03/2014"
"561696001","S","3471","V10","DATSCAN","03/2016","1","03/2016","1","","1","","","03/2016","2020-05-05 15:28:39","","03/2016"
"332373501","S","3581","SC","DATSCAN","01/2012","1","01/2012","1","","1","2","","02/2012","2020-06-30 12:35:25","","02/2012"
"432209801","S","3581","V06","DATSCAN","03/2014","1","03/2014","1","","1","2","","03/2014","2020-06-30 12:35:26","","03/2014"
"332375701","S","4017","SC","DATSCAN","01/2012","1","01/2012","1","","1","1","","02/2012","2020-02-12 11:25:49","","02/2012"
"336137601","S","3442","SC","DATSCAN","02/2012","1","02/2012","1","","1","1","","02/2012","2020-01-13 14:52:17","","02/2012"
"388302401","S","3442","V04","DATSCAN","03/2013","1","03/2013","1","","1","","","03/2013","2020-01-13 14:52:19","","03/2013"
"431382001","S","3442","V06","DATSCAN","03/2014","1","03/2014","1","","1","","","03/2014","2020-01-13 14:52:20","","03/2014"
"567724701","S","3442","V10","DATSCAN","04/2016","1","04/2016","1","","1","","","05/2016","2020-01-13 14:52:21","","05/2016"
"336452901","S","4019","SC","DATSCAN","02/2012","1","02/2012","1","","1","1","","03/2012","2020-06-29 13:44:33","","03/2012"
"390280201","S","4019","V04","DATSCAN","03/2013","1","03/2013","1","","1","1","","03/2013","2020-06-29 13:44:34","","03/2013"
"430963401","S","4019","V06","DATSCAN","03/2014","1","03/2014","1","","1","","","03/2014","2020-06-29 13:44:35","","03/2014"
"551862901","S","4019","V10","DATSCAN","01/2016","1","01/2016","1","","1","","","01/2016","2020-06-29 13:44:36","","01/2016"
"333400401","S","4020","SC","DATSCAN","01/2012","1","01/2012","1","","1","1","","02/2012","2020-06-29 13:45:02","","02/2012"
"392137501","S","4020","V04","DATSCAN","03/2013","1","03/2013","1","","1","1","","04/2013","2020-06-29 13:45:04","","04/2013"
"431532701","S","4020","V06","DATSCAN","03/2014","1","03/2014","1","","1","","","03/2014","2020-06-29 13:45:04","","03/2014"
"555413001","S","4020","V10","DATSCAN","02/2016","1","02/2016","1","","1","","","02/2016","2020-06-29 13:45:05","","02/2016"
"332680501","S","3441","SC","DATSCAN","02/2012","1","02/2012","1","","1","2","","02/2012","2020-06-30 09:17:49","","02/2012"
"429979101","S","3441","V06","DATSCAN","03/2014","1","03/2014","1","","1","2","","03/2014","2020-06-30 09:17:51","","03/2014"
"336058301","S","3372","SC","DATSCAN","02/2012","1","02/2012","1","","1","1","","02/2012","2020-06-26 14:33:44","","02/2012"
"422579801","S","3372","V04","DATSCAN","02/2013","1","02/2013","1","","1","","","01/2014","2020-06-26 14:33:45","","01/2014"
"535402401","S","3372","V06","DATSCAN","03/2014","1","03/2014","1","","1","","","09/2015","2020-06-26 14:33:46","","09/2015"
"567828901","S","3372","V10","DATSCAN","04/2016","1","04/2016","1","","1","","","05/2016","2020-06-26 14:33:47","","05/2016"
"333534601","S","3660","SC","DATSCAN","02/2012","1","02/2012","1","","1","1","","02/2012","2020-01-16 08:40:47","","02/2012"
"398985701","S","3660","V04","DATSCAN","05/2013","1","05/2013","1","","1","","","05/2013","2020-01-16 08:40:48","","05/2013"
"436715101","S","3660","V06","DATSCAN","04/2014","1","04/2014","1","","1","","","04/2014","2020-01-16 08:40:48","","04/2014"
"562216701","S","3660","V10","DATSCAN","03/2016","1","03/2016","1","","1","","","03/2016","2020-01-16 08:40:50","","04/2016"
"333958501","S","3119","SC","DATSCAN","02/2012","1","02/2012","1","","1","1","","02/2012","2020-05-29 14:06:59","","02/2012"
"386515001","S","3119","V04","DATSCAN","02/2013","1","02/2013","1","","1","","","02/2013","2020-05-29 14:20:20","","02/2013"
"431828201","S","3119","ST","DATSCAN","02/2014","1","02/2014","1","","1","","","03/2014","2020-05-29 14:43:28","","03/2014"
"561516101","S","3119","V10","DATSCAN","03/2016","1","03/2016","1","","1","","","03/2016","2020-05-29 14:51:52","","03/2016"
"335628401","S","3862","SC","DATSCAN","02/2012","1","02/2012","1","","1","2","","02/2012","2020-06-26 18:17:42","","02/2012"
"460663901","S","3862","V06","DATSCAN","09/2014","1","09/2014","1","","1","2","","09/2014","2020-06-26 18:18:00","","09/2014"
"335639701","S","3863","SC","DATSCAN","02/2012","1","02/2012","1","","1","1","","02/2012","2020-05-12 10:30:40","","02/2012"
"390693401","S","3863","V04","DATSCAN","03/2013","1","03/2013","1","","1","1","","03/2013","2020-05-12 10:30:41","","03/2013"
"340869101","S","3281","SC","DATSCAN","03/2012","1","03/2012","1","","1","1","","04/2012","2020-05-12 10:32:52","","04/2012"
"446533601","S","3281","V06","DATSCAN","06/2014","0","","","","","","","06/2014","2020-05-12 10:32:53","","06/2014"
"564410301","S","3281","V10","DATSCAN","03/2016","0","","","","","","","04/2016","2020-05-12 10:32:54","","04/2016"
"771882501","S","3281","ST","DATSCAN","01/2013","0","","","","","","","06/2020","2020-06-24 14:01:44","","06/2020"
"341715701","S","4021","SC","DATSCAN","02/2012","1","02/2012","1","","1","1","","04/2012","2020-06-29 13:50:23","","04/2012"
"389819501","S","4021","V04","DATSCAN","03/2013","1","03/2013","1","","1","1","","03/2013","2020-06-29 13:50:24","","03/2013"
"433539401","S","4021","V06","DATSCAN","03/2014","0","","","","","","","04/2014","2020-06-29 13:50:25","","04/2014"
"558212201","S","4021","V10","DATSCAN","03/2016","1","03/2016","1","","1","","","03/2016","2020-06-29 13:50:26","","03/2016"
"334320201","S","3443","SC","DATSCAN","02/2012","1","02/2012","1","","1","1","","02/2012","2020-06-30 09:19:39","","02/2012"
"386498001","S","3443","V04","DATSCAN","02/2013","1","02/2013","1","","1","","","02/2013","2020-06-30 09:19:41","","02/2013"
"430599801","S","3443","V06","DATSCAN","03/2014","1","03/2014","1","","1","","","03/2014","2020-06-30 09:19:41","","03/2014"
"557624301","S","3443","V10","DATSCAN","02/2016","1","02/2016","1","","1","","","03/2016","2020-06-30 09:19:43","","03/2016"
"338737801","S","3532","SC","DATSCAN","02/2012","1","02/2012","1","","1","1","","03/2012","2020-06-25 15:28:38","","03/2012"
"394440701","S","3532","V04","DATSCAN","04/2013","1","04/2013","1","","1","","","04/2013","2020-06-25 15:28:40","","04/2013"
"433137301","S","3532","V06","DATSCAN","03/2014","1","03/2014","1","","1","","","03/2014","2020-06-25 15:28:40","","03/2014"
"565639301","S","3532","V10","DATSCAN","04/2016","1","04/2016","1","","1","","","04/2016","2020-06-25 15:28:42","","04/2016"
"335017401","S","4018","SC","DATSCAN","02/2012","1","02/2012","1","","0","2","","02/2012","2020-06-29 13:44:06","","02/2012"
"335032101","S","3315","SC","DATSCAN","02/2012","1","02/2012","1","","1","2","","02/2012","2020-02-11 15:23:47","","02/2012"
"335901001","S","3864","SC","DATSCAN","02/2012","1","02/2012","1","","1","2","","02/2012","2020-02-12 15:02:25","","02/2012"
"344574301","S","4022","SC","DATSCAN","03/2012","1","03/2012","1","","1","1","","04/2012","2020-06-29 13:50:50","","04/2012"
"391647401","S","4022","V04","DATSCAN","03/2013","1","03/2013","1","","1","1","","03/2013","2020-06-29 13:50:52","","03/2013"
"430047701","S","4022","V06","DATSCAN","02/2014","1","02/2014","1","","1","","","03/2014","2020-06-29 13:50:52","","03/2014"
"564100401","S","4022","V10","DATSCAN","04/2016","1","04/2016","1","","1","","","04/2016","2020-06-29 13:50:53","","04/2016"
"339747401","S","3625","SC","DATSCAN","03/2012","1","03/2012","1","","1","1","","03/2012","2020-06-26 16:46:05","","03/2012"
"395790401","S","3625","V04","DATSCAN","04/2013","1","04/2013","1","","1","","","04/2013","2020-06-26 16:46:20","","04/2013"
"462162301","S","3625","V06","DATSCAN","05/2014","1","05/2014","1","","1","","","10/2014","2020-06-26 16:46:31","","10/2014"
"336652101","S","3018","SC","DATSCAN","02/2012","1","02/2012","1","","1","1","","03/2012","2020-06-30 09:25:24","","03/2012"
"398944301","S","3018","V04","DATSCAN","04/2013","1","04/2013","1","","1","","","05/2013","2020-06-30 09:25:36","","05/2013"
"454700501","S","3018","V06","DATSCAN","07/2014","1","07/2014","1","","1","","","08/2014","2020-06-30 09:25:44","","08/2014"
"579361501","S","3018","V10","DATSCAN","06/2016","1","06/2016","1","","1","","","07/2016","2020-06-30 09:25:57","","07/2016"
"337010101","S","3444","SC","DATSCAN","03/2012","1","03/2012","1","","1","1","","03/2012","2020-06-30 09:20:59","","03/2012"
"389430701","S","3444","V04","DATSCAN","03/2013","1","03/2013","1","","1","","","03/2013","2020-06-30 09:21:01","","03/2013"
"429960501","S","3444","V06","DATSCAN","02/2014","1","02/2014","1","","1","","","03/2014","2020-06-30 09:21:01","","03/2014"
"556768701","S","3444","V10","DATSCAN","02/2016","1","02/2016","1","","1","","","02/2016","2020-06-30 09:21:02","","02/2016"
"338078501","S","3445","SC","DATSCAN","03/2012","1","03/2012","1","","1","1","","03/2012","2020-06-30 09:22:21","","03/2012"
"394157901","S","3445","V04","DATSCAN","04/2013","1","04/2013","1","","1","","","04/2013","2020-06-30 09:22:23","","04/2013"
"435722401","S","3445","V06","DATSCAN","04/2014","1","04/2014","1","","1","","","04/2014","2020-06-30 09:22:23","","04/2014"
"564655901","S","3445","V10","DATSCAN","04/2016","1","04/2016","1","","1","","","04/2016","2020-06-30 09:22:24","","04/2016"
"341905301","S","3174","SC","DATSCAN","03/2012","1","03/2012","1","","1","1","","04/2012","2020-06-30 09:46:34","","04/2012"
"393589801","S","3174","V04","DATSCAN","04/2013","1","04/2013","1","","1","","","04/2013","2020-06-30 09:46:36","","04/2013"
"437125501","S","3174","V06","DATSCAN","04/2014","1","04/2014","1","","1","","","05/2014","2020-06-30 09:46:36","","05/2014"
"568155801","S","3174","V10","DATSCAN","04/2016","1","04/2016","1","","1","","","05/2016","2020-06-30 09:46:38","","05/2016"
"339244201","S","3373","SC","DATSCAN","03/2012","1","03/2012","1","","1","1","","03/2012","2020-06-26 14:34:08","","03/2012"
"437316501","S","3373","V04","DATSCAN","08/2013","1","08/2013","1","","1","","","05/2014","2020-06-26 14:34:09","","05/2014"
"567807901","S","3373","V10","DATSCAN","04/2016","1","04/2016","1","","1","","","05/2016","2020-06-26 14:34:10","","05/2016"
"600514501","S","3373","V06","DATSCAN","07/2014","1","07/2014","1","","1","","","11/2016","2020-06-26 14:34:09","","11/2016"
"339044101","S","3374","SC","DATSCAN","03/2012","1","03/2012","1","","1","1","","03/2012","2020-06-26 14:34:24","","03/2012"
"419480201","S","3374","V04","DATSCAN","07/2013","1","07/2013","1","","1","","","12/2013","2020-06-26 14:34:26","","12/2013"
"469914501","S","3374","ST","DATSCAN","04/2014","1","04/2014","1","","1","","","10/2014","2020-06-26 14:34:25","","10/2014"
"565673301","S","3374","V10","DATSCAN","04/2016","1","04/2016","1","","1","","","04/2016","2020-06-26 14:34:27","","04/2016"
"339800101","S","3818","SC","DATSCAN","02/2012","1","02/2012","1","","1","1","","03/2012","2020-06-26 10:16:43","","03/2012"
"390083001","S","3818","V04","DATSCAN","03/2013","1","03/2013","1","","1","1","","03/2013","2020-06-26 10:16:44","","03/2013"
"435668001","S","3818","V06","DATSCAN","04/2014","1","04/2014","1","","1","","","04/2014","2020-06-26 10:16:45","","04/2014"
"560802501","S","3818","V10","DATSCAN","03/2016","0","","","","","","","03/2016","2020-06-26 10:16:46","","03/2016"
"340427401","S","3819","SC","DATSCAN","01/2012","1","01/2012","1","","1","1","","03/2012","2020-06-26 10:17:08","","03/2012"
"395645501","S","3819","V04","DATSCAN","04/2013","1","04/2013","1","","1","1","","04/2013","2020-06-26 10:17:10","","04/2013"
"434036101","S","3819","V06","DATSCAN","03/2014","1","03/2014","1","","1","","","04/2014","2020-06-26 10:17:10","","04/2014"
"565972001","S","3819","V10","DATSCAN","04/2016","1","04/2016","1","","1","","","04/2016","2020-06-26 10:17:11","","04/2016"
"339015901","S","3865","SC","DATSCAN","03/2012","1","03/2012","1","","1","2","","03/2012","2020-06-26 18:17:43","","03/2012"
"436160701","S","3865","V06","DATSCAN","04/2014","1","04/2014","1","","1","2","","04/2014","2020-06-26 18:17:58","","04/2014"
"339071301","S","3375","SC","DATSCAN","03/2012","1","03/2012","1","","1","1","","03/2012","2020-05-12 10:21:55","","03/2012"
"401300601","S","3375","V04","DATSCAN","06/2013","1","06/2013","1","","1","","","06/2013","2020-05-12 10:21:56","","06/2013"
"477920101","S","3375","V06","DATSCAN","08/2014","1","08/2014","1","","1","","","11/2014","2020-05-12 10:21:57","","11/2014"
"339693201","S","3316","SC","DATSCAN","03/2012","1","03/2012","1","","1","2","","03/2012","2020-06-08 15:46:52","","03/2012"
"344958801","S","3224","SC","DATSCAN","04/2012","1","04/2012","1","","1","1","","05/2012","2020-06-26 19:12:20","","05/2012"
"395480901","S","3224","V04","DATSCAN","04/2013","1","04/2013","1","","1","","","04/2013","2020-06-26 19:12:39","","04/2013"
"435636601","S","3224","V06","DATSCAN","04/2014","1","04/2014","1","","1","","","04/2014","2020-06-26 19:12:58","","04/2014"
"566473001","S","3224","V10","DATSCAN","04/2016","1","04/2016","1","","1","","","04/2016","2020-06-26 19:13:49","","04/2016"
"346346501","S","4060","SC","DATSCAN","04/2012","1","04/2012","2","1","1","2","","05/2012","2020-02-12 14:59:40","","05/2012"
"340242401","S","3376","SC","DATSCAN","03/2012","1","03/2012","1","","1","1","","03/2012","2020-01-13 12:58:00","","03/2012"
"344009301","S","3120","SC","DATSCAN","04/2012","1","04/2012","1","","1","1","","04/2012","2020-05-29 15:45:43","","04/2012"
"394850801","S","3120","V04","DATSCAN","04/2013","1","04/2013","1","","1","","","04/2013","2020-05-29 15:47:43","","04/2013"
"442723101","S","3120","V06","DATSCAN","05/2014","1","05/2014","1","","1","","","06/2014","2020-05-29 15:49:00","","06/2014"
"570401001","S","3120","V10","DATSCAN","05/2016","1","05/2016","1","","1","","","05/2016","2020-05-29 15:53:07","","05/2016"
"342752201","S","3121","SC","DATSCAN","03/2012","0","","","","","","","04/2012","2020-02-12 14:30:16","","04/2012"
"341227401","S","3446","SC","DATSCAN","03/2012","1","03/2012","1","","1","1","","04/2012","2020-04-28 14:45:37","","04/2012"
"394283101","S","3446","V04","DATSCAN","04/2013","1","04/2013","1","","1","","","04/2013","2020-04-28 14:45:39","","04/2013"
"434165501","S","3446","V06","DATSCAN","04/2014","1","04/2014","1","","1","","","04/2014","2020-04-28 14:45:40","","04/2014"
"566844201","S","3446","V10","DATSCAN","04/2016","1","04/2016","1","","1","","","04/2016","2020-04-28 14:45:41","","04/2016"
"342877001","S","3175","SC","DATSCAN","04/2012","1","04/2012","1","","1","1","","04/2012","2020-06-30 09:46:52","","04/2012"
"398055801","S","3175","V04","DATSCAN","05/2013","1","05/2013","1","","1","","","05/2013","2020-06-30 09:46:53","","05/2013"
"436716501","S","3175","V06","DATSCAN","04/2014","1","04/2014","1","","1","","","04/2014","2020-06-30 09:46:54","","04/2014"
"590306801","S","3175","V10","DATSCAN","08/2016","1","08/2016","1","","1","","","09/2016","2020-06-30 09:46:55","","09/2016"
"340831101","S","3317","SC","DATSCAN","03/2012","1","03/2012","1","","1","2","","04/2012","2020-02-12 14:50:45","","04/2012"
"346777501","S","4023","SC","DATSCAN","04/2012","1","04/2012","1","","1","2","","05/2012","2020-06-29 13:52:01","","05/2012"
"443623901","S","4023","V06","DATSCAN","06/2014","1","06/2014","1","","1","2","","06/2014","2020-06-29 13:52:03","","06/2014"
"341474401","S","3020","SC","DATSCAN","03/2012","1","03/2012","1","","1","1","","04/2012","2020-06-30 09:25:25","","04/2012"
"403543901","S","3020","V04","DATSCAN","06/2013","1","06/2013","1","","1","","","06/2013","2020-06-30 09:25:36","","06/2013"
"454677901","S","3020","V06","DATSCAN","07/2014","1","07/2014","1","","1","","","08/2014","2020-06-30 09:25:43","","08/2014"
"572801201","S","3020","V10","DATSCAN","05/2016","1","05/2016","1","","1","","","06/2016","2020-06-30 09:25:56","","06/2016"
"342999501","S","3582","SC","DATSCAN","04/2012","1","04/2012","1","","1","2","","04/2012","2020-06-30 12:35:35","","04/2012"
"441990401","S","3582","V06","DATSCAN","06/2014","1","06/2014","1","","1","2","","06/2014","2020-06-30 12:35:36","","06/2014"
"341549401","S","3021","SC","DATSCAN","03/2012","1","03/2012","1","","1","1","","04/2012","2020-06-30 09:25:25","","04/2012"
"402414101","S","3021","V04","DATSCAN","06/2013","1","06/2013","1","","1","","","06/2013","2020-06-30 09:25:36","","06/2013"
"454678801","S","3021","V06","DATSCAN","07/2014","1","07/2014","1","","1","","","08/2014","2020-06-30 09:25:43","","08/2014"
"341626001","S","3318","SC","DATSCAN","04/2012","1","04/2012","1","","1","2","","04/2012","2020-06-08 15:57:03","","04/2012"
"344786101","S","3626","SC","DATSCAN","04/2012","1","04/2012","1","","1","1","","04/2012","2020-02-12 11:23:19","","05/2012"
"347709601","S","3627","SC","DATSCAN","04/2012","1","04/2012","1","","1","1","","05/2012","2020-06-22 12:53:46","","05/2012"
"343829001","S","3122","SC","DATSCAN","04/2012","1","04/2012","1","","1","1","","04/2012","2020-05-29 16:07:20","","04/2012"
"399096101","S","3122","V04","DATSCAN","05/2013","1","05/2013","1","","1","","","05/2013","2020-05-29 16:09:34","","05/2013"
"454276901","S","3122","V06","DATSCAN","07/2014","1","07/2014","1","","1","","","08/2014","2020-05-29 16:11:30","","08/2014"
"572470301","S","3122","V10","DATSCAN","05/2016","1","05/2016","1","","1","","","06/2016","2020-05-29 16:10:23","","06/2016"
"347574701","S","3956","SC","DATSCAN","05/2012","1","05/2012","1","","1","2","","05/2012","2020-06-29 10:11:16","","05/2012"
"445188001","S","3956","V06","DATSCAN","06/2014","1","06/2014","1","","1","","","06/2014","2020-06-29 10:11:18","","06/2014"
"342843701","S","3078","SC","DATSCAN","04/2012","1","04/2012","1","","1","1","","04/2012","2020-06-24 12:33:47","","04/2012"
"394006301","S","3078","V04","DATSCAN","04/2013","1","04/2013","1","","1","","","04/2013","2020-06-24 12:34:08","","04/2013"
"438718301","S","3078","V06","DATSCAN","05/2014","1","05/2014","1","","1","","","05/2014","2020-06-24 12:34:28","","05/2014"
"566699201","S","3078","V10","DATSCAN","04/2016","1","04/2016","1","","1","","","04/2016","2020-06-24 12:35:04","","04/2016"
"346347301","S","4061","SC","DATSCAN","04/2012","1","04/2012","2","1","1","1","","05/2012","2020-02-12 11:30:22","","05/2012"
"346347701","S","4062","SC","DATSCAN","04/2012","1","04/2012","2","1","1","1","","05/2012","2020-02-12 11:30:28","","05/2012"
"342611201","S","3447","SC","DATSCAN","04/2012","1","04/2012","1","","1","1","","04/2012","2020-02-11 15:29:40","","04/2012"
"350975101","S","3319","SC","DATSCAN","04/2012","1","04/2012","1","","1","2","","06/2012","2020-06-08 16:11:15","","06/2012"
"450967301","S","3319","V06","DATSCAN","06/2014","1","06/2014","1","","1","2","","08/2014","2020-06-08 16:12:59","","08/2014"
"343457901","S","3320","SC","DATSCAN","04/2012","1","04/2012","1","","1","2","","04/2012","2020-06-09 08:51:30","","04/2012"
"344063501","S","3176","SC","DATSCAN","04/2012","1","04/2012","1","","1","1","","04/2012","2020-06-30 09:47:08","","04/2012"
"405093801","S","3176","V04","DATSCAN","07/2013","1","07/2013","1","","1","","","07/2013","2020-06-30 09:47:10","","07/2013"
"474640301","S","3176","U01","DATSCAN","09/2014","1","09/2014","1","","1","","","11/2014","2020-06-30 09:47:09","","11/2014"
"569188201","S","3176","V10","DATSCAN","05/2016","1","05/2016","1","","1","","","05/2016","2020-06-30 09:47:11","","05/2016"
"343134001","S","3821","SC","DATSCAN","03/2012","1","03/2012","1","","1","2","","04/2012","2020-06-26 10:17:44","","04/2012"
"439696201","S","3821","V06","DATSCAN","05/2014","1","05/2014","1","","1","2","","05/2014","2020-06-26 10:17:46","","06/2014"
"351595501","S","3901","SC","DATSCAN","05/2012","1","05/2012","1","","1","2","","06/2012","2020-06-26 18:43:03","","07/2012"
"351558401","S","3900","SC","DATSCAN","05/2012","1","05/2012","1","","1","1","","06/2012","2020-06-22 15:32:17","","07/2012"
"399571801","S","3900","V04","DATSCAN","05/2013","1","05/2013","1","","1","","","05/2013","2020-06-22 15:32:19","","05/2013"
"439740501","S","3900","V06","DATSCAN","05/2014","1","05/2014","1","","1","","","05/2014","2020-06-22 15:32:19","","05/2014"
"575781601","S","3900","V10","DATSCAN","06/2016","0","","","","","","","06/2016","2020-06-22 15:32:20","","06/2016"
"344059101","S","3225","SC","DATSCAN","04/2012","1","04/2012","1","","1","1","","04/2012","2020-06-26 19:12:19","","04/2012"
"398386001","S","3225","V04","DATSCAN","05/2013","1","05/2013","1","","1","","","05/2013","2020-06-26 19:12:40","","05/2013"
"435775201","S","3225","V06","DATSCAN","04/2014","1","04/2014","1","","1","","","04/2014","2020-06-26 19:12:58","","04/2014"
"567889301","S","3225","V10","DATSCAN","04/2016","1","04/2016","1","","1","","","05/2016","2020-06-26 19:13:50","","05/2016"
"343774101","S","3448","SC","DATSCAN","04/2012","1","04/2012","1","","1","1","","04/2012","2020-06-22 12:21:35","","04/2012"
"398485201","S","3448","V04","DATSCAN","05/2013","1","05/2013","1","","1","","","05/2013","2020-06-22 12:21:36","","05/2013"
"437350201","S","3448","V06","DATSCAN","05/2014","1","05/2014","1","","1","","","05/2014","2020-06-22 12:21:37","","05/2014"
"568464601","S","3448","V10","DATSCAN","04/2016","1","04/2016","1","","1","","","05/2016","2020-06-22 12:21:38","","05/2016"
"351894701","S","3902","SC","DATSCAN","05/2012","1","05/2012","1","","1","2","","06/2012","2020-06-26 18:43:04","","07/2012"
"438781101","S","3902","V06","DATSCAN","05/2014","1","05/2014","1","","1","2","","05/2014","2020-06-26 18:43:19","","05/2014"
"344172901","S","3226","SC","DATSCAN","04/2012","1","04/2012","1","","1","1","","04/2012","2020-01-09 14:19:12","","04/2012"
"398509301","S","3226","ST","DATSCAN","05/2013","1","05/2013","1","","1","","","05/2013","2020-01-09 14:19:13","","05/2013"
"436614101","S","3226","V06","DATSCAN","04/2014","1","04/2014","1","","1","","","04/2014","2020-01-09 14:19:15","","04/2014"
"569150101","S","3226","V10","DATSCAN","04/2016","1","04/2016","1","","1","","","05/2016","2020-01-09 14:19:17","","05/2016"
"344232101","S","3774","SC","DATSCAN","04/2012","0","","","","","","","04/2012","2020-02-12 11:31:50","","04/2012"
"349779001","S","3775","SC","DATSCAN","05/2012","1","05/2012","1","1","1","1","","06/2012","2020-06-30 17:00:08","","06/2012"
"403165001","S","3775","V04","DATSCAN","05/2013","1","05/2013","1","","1","","","06/2013","2020-06-30 17:00:28","","06/2013"
"442414301","S","3775","V06","DATSCAN","05/2014","1","05/2014","1","","1","","","06/2014","2020-06-30 17:00:41","","06/2014"
"586683301","S","3775","V10","DATSCAN","06/2016","1","06/2016","1","","1","","","08/2016","2020-06-30 17:01:07","","08/2016"
"344455201","S","3079","SC","DATSCAN","04/2012","1","04/2012","1","","1","2","","04/2012","2020-06-24 12:33:48","","04/2012"
"444253901","S","3079","V06","DATSCAN","06/2014","1","06/2014","1","","1","2","","06/2014","2020-06-24 12:34:29","","06/2014"
"347104501","S","3776","SC","DATSCAN","04/2012","1","04/2012","1","1","1","1","","05/2012","2020-06-30 17:00:08","","05/2012"
"408150701","S","3776","V04","DATSCAN","06/2013","1","06/2013","1","","1","","","08/2013","2020-06-30 17:00:30","","08/2013"
"447979201","S","3776","V06","DATSCAN","07/2014","1","07/2014","1","","1","","","07/2014","2020-06-30 17:00:42","","07/2014"
"573190501","S","3776","V10","DATSCAN","04/2016","1","04/2016","1","","1","","","06/2016","2020-06-30 17:01:05","","06/2016"
"349778801","S","3777","SC","DATSCAN","05/2012","1","05/2012","1","1","1","1","","06/2012","2020-06-30 17:00:08","","06/2012"
"401200301","S","3777","V04","DATSCAN","06/2013","1","06/2013","1","","1","","","06/2013","2020-06-30 17:00:27","","06/2013"
"457892801","S","3777","V06","DATSCAN","06/2014","1","06/2014","1","","1","","","09/2014","2020-06-30 17:00:43","","09/2014"
"587430801","S","3777","V10","DATSCAN","07/2016","1","07/2016","1","","1","","","09/2016","2020-06-30 17:01:08","","09/2016"
"344267301","S","3778","SC","DATSCAN","04/2012","1","04/2012","1","1","1","1","","04/2012","2020-06-22 15:00:24","","04/2012"
"403871201","S","3778","V04","DATSCAN","06/2013","1","06/2013","1","","1","","","07/2013","2020-06-22 15:00:25","","07/2013"
"442412601","S","3778","V06","DATSCAN","05/2014","1","05/2014","1","","1","","","06/2014","2020-06-22 15:00:26","","06/2014"
"573209801","S","3778","V10","DATSCAN","05/2016","1","05/2016","1","","1","","","06/2016","2020-06-22 15:00:27","","06/2016"
"344277601","S","3779","SC","DATSCAN","12/2013","1","12/2013","1","","1","2","","04/2012","2020-06-22 15:05:42","","04/2012"
"348119501","S","3628","SC","DATSCAN","05/2012","1","05/2012","1","","1","1","","05/2012","2020-01-15 11:49:54","","05/2012"
"344807701","S","4050","SC","DATSCAN","04/2012","1","04/2012","1","","1","2","","04/2012","2020-02-12 14:52:45","","04/2012"
"344745701","S","3820","SC","DATSCAN","03/2012","1","03/2012","1","","1","2","","04/2012","2020-05-06 13:42:03","","05/2012"
"441637601","S","3820","V06","DATSCAN","05/2014","1","05/2014","1","","1","1","","06/2014","2020-05-06 13:42:04","","06/2014"
"344940501","S","3022","SC","DATSCAN","04/2012","1","04/2012","1","","1","2","","05/2012","2020-01-02 12:52:23","","05/2012"
"345465601","S","3023","SC","DATSCAN","05/2012","1","05/2012","1","","1","1","","05/2012","2020-06-30 09:25:27","","05/2012"
"407491301","S","3023","V04","DATSCAN","07/2013","1","07/2013","1","","1","","","08/2013","2020-06-30 09:25:37","","08/2013"
"464548901","S","3023","V06","DATSCAN","08/2014","1","08/2014","1","","1","","","10/2014","2020-06-30 09:25:45","","10/2014"
"581796701","S","3023","V10","DATSCAN","05/2016","1","06/2016","1","","1","","","08/2016","2021-10-13 00:00:00","","08/2016"
"348898601","S","3629","SC","DATSCAN","05/2012","1","05/2012","1","","1","1","","06/2012","2020-06-26 16:46:07","","06/2012"
"403541301","S","3629","V04","DATSCAN","07/2013","1","07/2013","1","","1","","","06/2013","2020-06-26 16:46:23","","06/2013"
"476857101","S","3629","V06","DATSCAN","10/2014","1","10/2014","1","","1","","","11/2014","2020-06-26 16:46:34","","11/2014"
"584690201","S","3629","V10","DATSCAN","07/2016","1","07/2016","1","","1","","","08/2016","2020-06-26 16:46:55","","08/2016"
"345978301","S","3123","SC","DATSCAN","05/2012","1","05/2012","1","","1","1","","05/2012","2020-05-29 16:26:48","","05/2012"
"402495701","S","3123","ST","DATSCAN","06/2013","1","06/2013","1","","1","","","06/2013","2020-05-29 16:35:03","","06/2013"
"444347901","S","3123","V06","DATSCAN","05/2014","1","05/2014","1","","1","","","06/2014","2020-05-29 16:31:31","","06/2014"
"574443001","S","3123","V10","DATSCAN","06/2016","1","06/2016","1","","1","","","06/2016","2020-05-29 16:33:19","","06/2016"
"347140001","S","3227","SC","DATSCAN","05/2012","1","05/2012","1","","1","1","","05/2012","2020-06-26 19:12:21","","05/2012"
"404838801","S","3227","V04","DATSCAN","07/2013","1","07/2013","1","","1","","","07/2013","2020-06-26 19:12:41","","07/2013"
"440201501","S","3227","ST","DATSCAN","05/2014","1","05/2014","1","","1","","","05/2014","2020-06-26 19:13:01","","05/2014"
"574301501","S","3227","V10","DATSCAN","06/2016","1","06/2016","1","","1","","","06/2016","2020-06-26 19:13:52","","06/2016"
"346275901","S","3866","SC","DATSCAN","05/2012","1","05/2012","1","","1","1","","05/2012","2020-05-12 10:30:01","","05/2012"
"410921901","S","3866","V04","DATSCAN","09/2013","1","09/2013","1","","1","1","","09/2013","2020-05-12 10:30:03","","09/2013"
"459085901","S","3866","V06","DATSCAN","09/2014","0","","","","","","","09/2014","2020-05-12 10:30:03","","09/2014"
"537310201","S","3866","PW","DATSCAN","08/2015","0","","","","","","","09/2015","2019-11-07 14:49:54","","09/2015"
"346503001","S","3024","SC","DATSCAN","05/2012","1","05/2012","1","","1","1","","05/2012","2020-06-30 09:25:27","","05/2012"
"412254101","S","3024","V04","DATSCAN","08/2013","1","08/2013","1","","1","","","09/2013","2020-06-30 09:25:38","","09/2013"
"346873301","S","3321","SC","DATSCAN","05/2012","1","05/2012","1","","1","1","","05/2012","2020-06-09 09:00:54","","05/2012"
"451698601","S","3321","V06","DATSCAN","08/2014","1","08/2014","1","","1","","","08/2014","2020-06-09 09:02:26","","08/2014"
"574787901","S","3321","V10","DATSCAN","06/2016","1","06/2016","1","","1","","","06/2016","2020-06-09 09:03:33","","06/2016"
"347086201","S","3867","SC","DATSCAN","05/2012","1","05/2012","1","","1","1","","05/2012","2020-05-12 10:29:40","","05/2012"
"411065501","S","3867","V04","DATSCAN","08/2013","0","","","","","","","09/2013","2020-05-12 10:29:42","","09/2013"
"347102901","S","3822","SC","DATSCAN","03/2012","1","03/2012","1","","1","1","","05/2012","2020-06-26 10:18:36","","06/2012"
"402552401","S","3822","V04","DATSCAN","05/2013","1","05/2013","1","","1","","","06/2013","2020-06-26 10:18:37","","06/2013"
"441648301","S","3822","V06","DATSCAN","05/2014","1","05/2014","1","","1","","","06/2014","2020-06-26 10:18:38","","06/2014"
"572985401","S","3822","V10","DATSCAN","05/2016","1","05/2016","1","","1","","","06/2016","2020-06-26 10:18:39","","06/2016"
"351731701","S","3780","SC","DATSCAN","06/2012","1","06/2012","1","1","1","1","","06/2012","2020-06-30 17:00:09","","06/2012"
"408456901","S","3780","V04","DATSCAN","07/2013","1","07/2013","1","","1","","","08/2013","2020-06-30 17:00:30","","08/2013"
"457908101","S","3780","V06","DATSCAN","06/2014","1","06/2014","1","","1","","","09/2014","2020-06-30 17:00:43","","09/2014"
"575719901","S","3780","V10","DATSCAN","06/2016","1","06/2016","1","","1","","","06/2016","2020-06-30 17:01:06","","06/2016"
"347350401","S","4051","SC","DATSCAN","05/2012","1","05/2012","1","","1","1","","05/2012","2020-06-30 09:25:51","","05/2012"
"398100401","S","4051","V04","DATSCAN","05/2013","1","05/2013","1","","1","","","05/2013","2020-06-30 09:25:52","","05/2013"
"437260601","S","4051","V06","DATSCAN","05/2014","1","05/2014","1","","1","","","05/2014","2020-06-30 09:25:52","","05/2014"
"569216601","S","4051","V10","DATSCAN","05/2016","1","05/2016","1","","1","","","05/2016","2020-06-30 09:25:54","","05/2016"
"347229601","S","3584","SC","DATSCAN","05/2012","1","05/2012","1","","1","1","","05/2012","2020-06-30 11:55:25","","05/2012"
"408668001","S","3584","V04","DATSCAN","08/2013","1","08/2013","1","","1","","","08/2013","2020-06-30 11:55:26","","08/2013"
"348063201","S","3177","SC","DATSCAN","05/2012","1","05/2012","1","","1","1","","05/2012","2020-02-12 14:31:58","","05/2012"
"351109801","S","3178","SC","DATSCAN","06/2012","1","06/2012","1","","1","1","","06/2012","2020-02-19 11:28:59","","06/2012"
"403260801","S","3178","V04","DATSCAN","06/2013","1","06/2013","1","","1","","","06/2013","2020-02-19 11:29:03","","06/2013"
"446297401","S","3178","V06","DATSCAN","06/2014","1","06/2014","1","","1","","","06/2014","2020-02-19 11:29:05","","06/2014"
"581499001","S","3178","V10","DATSCAN","07/2016","1","07/2016","1","","1","","","08/2016","2020-02-19 11:29:07","","08/2016"
"349877701","S","3957","SC","DATSCAN","06/2012","1","06/2012","1","","1","1","","06/2012","2020-06-22 12:18:11","","06/2012"
"412947401","S","3957","V04","DATSCAN","09/2013","1","09/2013","1","","1","","","09/2013","2020-06-22 12:18:13","","09/2013"
"449293001","S","3957","V06","DATSCAN","07/2014","1","07/2014","1","","1","","","07/2014","2020-06-22 12:18:14","","07/2014"
"766514401","S","3957","V10","DATSCAN","12/2016","1","12/2016","1","","1","","","02/2020","2021-10-13 00:00:00","","02/2020"
"362159801","S","3282","SC","DATSCAN","06/2012","1","06/2012","1","","1","1","","09/2012","2020-06-24 14:01:52","","09/2012"
"588484801","S","3282","V10","DATSCAN","08/2016","0","","","","","","","09/2016","2020-06-24 14:01:55","","09/2016"
"771882701","S","3282","V06","DATSCAN","10/2014","0","","","","","","","06/2020","2020-06-24 14:01:54","","06/2020"
"347935901","S","3823","SC","DATSCAN","06/2012","1","06/2012","1","","1","1","","05/2012","2020-06-26 10:20:28","","06/2012"
"402550401","S","3823","V04","DATSCAN","06/2013","1","06/2013","1","","1","","","06/2013","2020-06-26 10:20:29","","06/2013"
"446315501","S","3823","V06","DATSCAN","06/2014","1","06/2014","1","","1","","","06/2014","2020-06-26 10:20:30","","06/2014"
"574994101","S","3823","V10","DATSCAN","06/2016","1","06/2016","1","","1","","","06/2016","2020-06-26 10:20:31","","06/2016"
"347961001","S","3124","SC","DATSCAN","05/2012","1","05/2012","1","","1","1","","05/2012","2020-06-01 08:54:36","","05/2012"
"405331301","S","3124","V04","DATSCAN","07/2013","1","07/2013","1","","1","","","07/2013","2020-06-01 08:56:21","","07/2013"
"445163601","S","3124","V06","DATSCAN","06/2014","1","06/2014","1","","1","","","06/2014","2020-06-01 08:57:30","","06/2014"
"581006701","S","3124","V10","DATSCAN","06/2016","1","06/2016","1","","1","","","07/2016","2020-06-01 09:00:14","","07/2016"
"348465001","S","4052","SC","DATSCAN","05/2012","1","05/2012","1","","1","1","","05/2012","2020-06-30 09:26:22","","05/2012"
"405627101","S","4052","V04","DATSCAN","07/2013","1","07/2013","1","","1","","","07/2013","2020-06-30 09:26:23","","07/2013"
"451633401","S","4052","V06","DATSCAN","07/2014","1","07/2014","1","","1","","","08/2014","2020-06-30 09:26:23","","08/2014"
"583369701","S","4052","V10","DATSCAN","07/2016","1","07/2016","1","","1","","","08/2016","2020-06-30 09:26:24","","08/2016"
"351177701","S","3472","SC","DATSCAN","06/2012","1","06/2012","1","","1","1","","06/2012","2020-06-24 19:04:18","","06/2012"
"402824701","S","3472","V04","DATSCAN","06/2013","1","06/2013","1","","1","","","06/2013","2020-06-24 19:04:19","","06/2013"
"446944801","S","3472","V06","DATSCAN","06/2014","1","06/2014","1","","1","","","07/2014","2020-06-24 19:04:19","","07/2014"
"574061001","S","3472","V10","DATSCAN","06/2016","1","06/2016","1","","1","","","06/2016","2020-06-24 19:04:21","","06/2016"
"348635201","S","3080","SC","DATSCAN","05/2012","1","05/2012","1","","1","1","","05/2012","2020-06-24 12:33:50","","05/2012"
"406513601","S","3080","V04","DATSCAN","07/2013","0","","","","","","","07/2013","2020-06-24 12:34:13","","07/2013"
"414836401","S","3080","U01","DATSCAN","10/2013","1","10/2013","1","","1","","","10/2013","2020-06-24 12:34:16","","10/2013"
"452095501","S","3080","V06","DATSCAN","08/2014","1","08/2014","1","","1","","","08/2014","2020-06-24 12:34:32","","08/2014"
"579349901","S","3080","V10","DATSCAN","07/2016","0","","","","","","","07/2016","2020-06-24 12:35:07","","07/2016"
"348835901","S","4070","SC","DATSCAN","05/2012","1","05/2012","1","","1","1","","06/2012","2020-04-28 09:00:54","","08/2012"
"407915301","S","4070","V04","DATSCAN","08/2013","1","08/2013","1","","1","","","08/2013","2020-04-28 09:00:56","","08/2013"
"456537701","S","4070","V06","DATSCAN","09/2014","1","09/2014","1","","1","","","09/2014","2020-04-28 09:00:56","","09/2014"
"531585701","S","4070","U01","DATSCAN","08/2015","1","08/2015","1","","1","","","08/2015","2021-10-13 00:00:00","","08/2015"
"349734201","S","4071","SC","DATSCAN","05/2012","1","05/2012","1","","1","1","","06/2012","2020-05-08 12:55:34","","08/2012"
"417482301","S","4071","V04","DATSCAN","08/2013","1","08/2013","1","","1","1","","11/2013","2020-05-08 12:58:42","","11/2013"
"453962201","S","4071","V06","DATSCAN","08/2014","1","08/2014","1","","1","","","08/2014","2020-05-08 13:00:43","","08/2014"
"607654401","S","4071","V10","DATSCAN","10/2016","1","10/2016","1","","1","","","12/2016","2020-05-08 13:05:46","","12/2016"
"357391701","S","3283","SC","DATSCAN","06/2012","1","06/2012","1","","1","2","","08/2012","2020-02-12 14:49:18","","08/2012"
"351706101","S","3630","SC","DATSCAN","06/2012","1","06/2012","1","","1","1","","06/2012","2020-05-06 13:37:08","","06/2012"
"498078901","S","3630","V06","DATSCAN","01/2015","1","01/2015","1","","1","","","01/2015","2020-05-06 13:37:09","","01/2015"
"349366201","S","3228","SC","DATSCAN","06/2012","1","06/2012","1","","1","1","","06/2012","2020-06-26 19:12:24","","06/2012"
"405202501","S","3228","V04","DATSCAN","07/2013","1","07/2013","1","","1","","","07/2013","2020-06-26 19:12:42","","07/2013"
"450328701","S","3228","V06","DATSCAN","07/2014","1","07/2014","1","","1","","","07/2014","2020-06-26 19:13:03","","07/2014"
"574125701","S","3228","V10","DATSCAN","06/2016","1","06/2016","1","","1","","","06/2016","2020-06-26 19:13:53","","06/2016"
"349309201","S","3081","SC","DATSCAN","05/2012","1","05/2012","1","","1","1","","06/2012","2020-02-11 15:07:52","","06/2012"
"352351201","S","3179","SC","DATSCAN","06/2012","1","06/2012","1","","1","1","","06/2012","2020-06-30 09:47:28","","06/2012"
"408903801","S","3179","V04","DATSCAN","08/2013","1","08/2013","1","","1","","","08/2013","2020-06-30 09:47:29","","08/2013"
"453808601","S","3179","V06","DATSCAN","07/2014","1","07/2014","1","","1","","","08/2014","2020-06-30 09:47:30","","08/2014"
"590089101","S","3179","V10","DATSCAN","08/2016","1","08/2016","1","","1","","","09/2016","2020-06-30 09:47:30","","09/2016"
"349604101","S","4072","SC","DATSCAN","06/2012","1","06/2012","1","","1","1","","06/2012","2020-05-08 13:16:36","","09/2012"
"416762001","S","4072","V04","DATSCAN","08/2013","1","08/2013","1","","1","1","","11/2013","2020-05-08 13:17:59","","11/2013"
"480867901","S","4072","V06","DATSCAN","10/2014","1","10/2014","1","","1","","","12/2014","2020-05-08 13:18:51","","12/2014"
"349615501","S","3377","SC","DATSCAN","06/2012","1","06/2012","1","","1","1","","06/2012","2020-06-26 14:35:07","","06/2012"
"413573701","S","3377","V04","DATSCAN","08/2013","1","08/2013","1","","1","","","10/2013","2020-06-26 14:35:08","","10/2013"
"482658601","S","3377","V06","DATSCAN","08/2014","1","08/2014","1","","1","","","12/2014","2020-06-26 14:35:09","","12/2014"
"576354801","S","3377","V10","DATSCAN","06/2016","1","06/2016","1","","1","","","06/2016","2020-06-26 14:35:10","","06/2016"
"350676501","S","3378","SC","DATSCAN","06/2012","1","06/2012","1","","1","1","","06/2012","2020-06-26 14:35:24","","06/2012"
"404635901","S","3378","V04","DATSCAN","07/2013","1","07/2013","1","","1","","","07/2013","2020-06-26 14:35:26","","01/2014"
"446927401","S","3378","V06","DATSCAN","06/2014","1","06/2014","1","","1","","","07/2014","2020-06-26 14:35:26","","07/2014"
"570646201","S","3378","V10","DATSCAN","05/2016","1","05/2016","1","","1","","","05/2016","2020-06-26 14:35:27","","05/2016"
"350632401","S","4053","SC","DATSCAN","06/2012","1","06/2012","1","","1","2","","06/2012","2020-06-30 09:27:17","","06/2012"
"449989201","S","4053","V06","DATSCAN","07/2014","1","07/2014","1","","1","","","07/2014","2020-06-30 09:27:19","","07/2014"
"350091601","S","3322","SC","DATSCAN","05/2012","1","05/2012","1","","1","1","","06/2012","2020-06-09 09:07:22","","06/2012"
"455310701","S","3322","V06","DATSCAN","09/2014","0","","","","","","","09/2014","2020-06-09 11:06:49","","09/2014"
"587549801","S","3322","V10","DATSCAN","08/2016","0","","","","","","","09/2016","2020-06-09 11:08:18","","09/2016"
"352689201","S","3535","SC","DATSCAN","06/2012","1","06/2012","1","","1","1","","06/2012","2020-02-12 14:55:15","","06/2012"
"350126401","S","3323","SC","DATSCAN","06/2012","1","06/2012","1","","1","1","","06/2012","2020-01-13 11:22:00","","06/2012"
"431406101","S","3323","V04","DATSCAN","08/2013","1","08/2013","1","","1","","","03/2014","2020-01-13 11:22:01","","03/2014"
"452041101","S","3323","V06","DATSCAN","06/2014","1","06/2014","1","","1","","","08/2014","2020-01-13 11:22:02","","08/2014"
"584324801","S","3323","V10","DATSCAN","08/2016","1","08/2016","1","","1","","","08/2016","2020-01-13 11:22:03","","08/2016"
"350904201","S","4054","SC","DATSCAN","06/2012","1","06/2012","1","","1","1","","06/2012","2020-06-30 09:28:33","","06/2012"
"403255801","S","4054","V04","DATSCAN","06/2013","1","06/2013","1","","1","","","06/2013","2020-06-30 09:28:34","","06/2013"
"445895001","S","4054","V06","DATSCAN","06/2014","1","06/2014","1","","1","","","06/2014","2020-06-30 09:28:34","","06/2014"
"575846201","S","4054","V10","DATSCAN","06/2016","1","06/2016","1","","1","","","06/2016","2020-06-30 09:28:36","","06/2016"
"352399901","S","3868","SC","DATSCAN","06/2012","1","06/2012","1","","1","1","","06/2012","2020-05-12 10:30:21","","06/2012"
"407321101","S","3868","V04","DATSCAN","08/2013","1","08/2013","1","","1","1","","08/2013","2020-05-12 10:30:22","","08/2013"
"350533001","S","3585","SC","DATSCAN","06/2012","1","06/2012","1","","1","1","","06/2012","2020-06-30 12:36:09","","06/2012"
"404778101","S","3585","V04","DATSCAN","07/2013","1","07/2013","1","","1","","","07/2013","2020-06-30 12:36:10","","07/2013"
"447805201","S","3585","V06","DATSCAN","07/2014","1","07/2014","1","","1","","","07/2014","2020-06-30 12:36:11","","07/2014"
"585172301","S","3585","V10","DATSCAN","08/2016","1","08/2016","1","","1","","","08/2016","2020-06-30 12:36:12","","08/2016"
"353095001","S","3125","SC","DATSCAN","06/2012","1","06/2012","1","","1","1","","07/2012","2020-06-01 09:04:36","","07/2012"
"405297301","S","3125","V04","DATSCAN","07/2013","1","07/2013","1","","1","","","07/2013","2020-06-01 09:05:46","","07/2013"
"449460401","S","3125","V06","DATSCAN","07/2014","1","07/2014","1","","1","","","07/2014","2020-06-01 09:06:21","","07/2014"
"582759901","S","3125","V10","DATSCAN","07/2016","1","07/2016","1","","1","","","08/2016","2020-06-01 09:07:53","","08/2016"
"355302901","S","3126","SC","DATSCAN","07/2012","1","07/2012","1","","1","1","","07/2012","2020-06-01 14:51:31","","07/2012"
"412986301","S","3126","ST","DATSCAN","08/2013","1","08/2013","1","","1","","","09/2013","2020-06-01 14:57:24","","09/2013"
"454320601","S","3126","V06","DATSCAN","07/2014","1","07/2014","1","","1","","","08/2014","2020-06-01 14:53:20","","08/2014"
"587983501","S","3126","V10","DATSCAN","08/2016","1","08/2016","1","","1","","","09/2016","2020-06-01 14:54:48","","09/2016"
"353000201","S","4055","SC","DATSCAN","06/2012","1","06/2012","1","","1","1","","07/2012","2020-06-30 09:31:28","","07/2012"
"405965001","S","4055","V04","DATSCAN","07/2013","1","07/2013","1","","1","","","07/2013","2020-06-30 09:31:30","","07/2013"
"447164301","S","4055","V06","DATSCAN","07/2014","1","07/2014","1","","1","","","07/2014","2020-06-30 09:31:30","","07/2014"
"578448701","S","4055","V10","DATSCAN","06/2016","1","06/2016","1","","1","","","07/2016","2020-06-30 09:31:32","","07/2016"
"369286701","S","4063","SC","DATSCAN","08/2012","1","08/2012","1","","1","2","","10/2012","2020-02-12 15:00:09","","11/2012"
"355023901","S","3533","SC","DATSCAN","07/2012","1","07/2012","1","","1","1","","07/2012","2020-02-12 14:54:53","","07/2012"
"357362801","S","3534","SC","DATSCAN","07/2012","1","07/2012","1","","1","2","","08/2012","2020-02-12 14:55:04","","08/2012"
"351611101","S","4056","SC","DATSCAN","06/2012","1","06/2012","1","","1","1","","06/2012","2020-06-30 09:31:58","","06/2012"
"402854601","S","4056","V04","DATSCAN","06/2013","1","06/2013","1","","1","","","06/2013","2020-06-30 09:31:59","","06/2013"
"449856301","S","4056","V06","DATSCAN","07/2014","1","07/2014","1","","1","","","07/2014","2020-06-30 09:32:00","","07/2014"
"580721701","S","4056","V10","DATSCAN","07/2016","1","07/2016","1","","1","","","07/2016","2020-06-30 09:32:01","","07/2016"
"353542001","S","3180","SC","DATSCAN","06/2012","1","06/2012","1","","1","1","","07/2012","2020-06-30 09:47:43","","07/2012"
"407177101","S","3180","V04","DATSCAN","07/2013","1","07/2013","1","","1","","","08/2013","2020-06-30 09:47:45","","08/2013"
"457859601","S","3180","V06","DATSCAN","08/2014","1","08/2014","1","","1","","","09/2014","2020-06-30 09:47:45","","09/2014"
"577959801","S","3180","V10","DATSCAN","07/2016","1","07/2016","1","","1","","","07/2016","2020-06-30 09:47:46","","07/2016"
"352496901","S","4057","SC","DATSCAN","06/2012","1","06/2012","1","","1","1","","06/2012","2020-06-30 09:32:13","","06/2012"
"407409501","S","4057","V04","DATSCAN","08/2013","1","08/2013","1","","1","","","08/2013","2020-06-30 09:32:15","","08/2013"
"453855401","S","4057","V06","DATSCAN","08/2014","1","08/2014","1","","1","","","08/2014","2020-06-30 09:32:15","","08/2014"
"586001601","S","4057","V10","DATSCAN","08/2016","1","08/2016","1","","1","","","08/2016","2020-06-30 09:32:16","","08/2016"
"353282101","S","4024","SC","DATSCAN","07/2012","1","07/2012","1","","1","1","","07/2012","2020-06-29 13:52:25","","07/2012"
"409675801","S","4024","V04","DATSCAN","08/2013","1","08/2013","1","","1","1","","09/2013","2020-06-29 13:52:27","","09/2013"
"455321001","S","4024","V06","DATSCAN","09/2014","1","09/2014","1","","1","","","09/2014","2020-06-29 13:52:27","","09/2014"
"581714601","S","4024","V10","DATSCAN","07/2016","1","07/2016","1","","1","","","08/2016","2020-06-29 13:52:28","","08/2016"
"356903701","S","3824","SC","DATSCAN","07/2012","1","07/2012","1","","1","1","","08/2012","2020-06-09 14:46:09","","08/2012"
"412043001","S","3824","V04","DATSCAN","09/2013","1","09/2013","1","","1","1","","09/2013","2020-06-09 14:46:10","","09/2013"
"459824301","S","3824","V06","DATSCAN","08/2014","1","08/2014","1","","1","","","09/2014","2020-06-09 14:46:11","","09/2014"
"595722101","S","3824","V10","DATSCAN","08/2016","1","08/2016","1","","1","","","10/2016","2020-06-09 14:46:12","","10/2016"
"352787401","S","4058","SC","DATSCAN","06/2012","1","06/2012","1","","1","1","","06/2012","2020-06-30 09:32:28","","06/2012"
"404208301","S","4058","V04","DATSCAN","07/2013","1","07/2013","2","1","1","","","07/2013","2020-06-30 09:32:29","","07/2013"
"453981401","S","4058","V06","DATSCAN","07/2014","1","07/2014","1","","1","","","08/2014","2020-06-30 09:32:29","","08/2014"
"581622801","S","4058","V10","DATSCAN","07/2016","1","07/2016","1","","1","","","08/2016","2020-06-30 09:32:31","","08/2016"
"356539901","S","3825","SC","DATSCAN","07/2012","1","07/2012","1","","1","1","","08/2012","2020-06-26 10:21:18","","08/2012"
"410908901","S","3825","V04","DATSCAN","08/2013","1","08/2013","1","","1","1","","09/2013","2020-06-26 10:21:20","","09/2013"
"451119901","S","3825","V06","DATSCAN","07/2014","1","07/2014","1","","1","","","08/2014","2020-06-26 10:21:20","","08/2014"
"586958501","S","3825","V10","DATSCAN","07/2016","1","07/2016","1","","1","","","08/2016","2020-06-26 10:21:21","","08/2016"
"353032501","S","3229","SC","DATSCAN","06/2012","1","06/2012","1","","1","1","","07/2012","2020-06-26 19:12:25","","07/2012"
"409262701","S","3229","V04","DATSCAN","08/2013","1","08/2013","1","","1","","","08/2013","2020-06-26 19:12:45","","08/2013"
"437647101","S","3229","V06","DATSCAN","05/2014","1","05/2014","1","","1","","","05/2014","2020-06-26 19:13:00","","05/2014"
"573129801","S","3229","V10","DATSCAN","06/2016","1","06/2016","1","","1","","","06/2016","2020-06-26 19:13:51","","06/2016"
"369173901","S","4064","SC","DATSCAN","08/2012","1","08/2012","1","","1","2","","10/2012","2020-06-30 14:29:33","","11/2012"
"500930501","S","4064","V06","DATSCAN","12/2014","1","12/2014","2","1","1","2","","02/2015","2020-06-30 14:29:34","","12/2014"
"353753401","S","3781","SC","DATSCAN","06/2012","1","06/2012","1","1","1","1","","07/2012","2020-06-30 17:00:11","","08/2012"
"407907101","S","3781","V04","DATSCAN","07/2013","1","07/2013","1","","1","","","08/2013","2020-06-30 17:00:30","","08/2013"
"457902801","S","3781","V06","DATSCAN","07/2014","1","07/2014","1","","1","","","09/2014","2020-06-30 17:00:43","","09/2014"
"587019501","S","3781","V10","DATSCAN","07/2016","1","07/2016","1","","1","","","08/2016","2020-06-30 17:01:08","","08/2016"
"353496301","S","3536","SC","DATSCAN","06/2012","1","06/2012","1","","1","1","","07/2012","2020-01-14 10:16:01","","07/2012"
"353694401","S","3230","SC","DATSCAN","07/2012","1","07/2012","1","","1","1","","07/2012","2020-06-26 19:12:26","","07/2012"
"406022301","S","3230","V04","DATSCAN","07/2013","1","07/2013","1","","1","","","07/2013","2020-06-26 19:12:43","","07/2013"
"452536901","S","3230","V06","DATSCAN","08/2014","1","08/2014","1","","1","","","08/2014","2020-06-26 19:13:05","","08/2014"
"588150801","S","3230","V10","DATSCAN","07/2016","1","07/2016","1","","1","","","09/2016","2020-06-26 19:13:59","","09/2016"
"353692501","S","3231","SC","DATSCAN","07/2012","1","07/2012","1","","1","1","","07/2012","2020-06-26 19:12:26","","07/2012"
"408517901","S","3231","V04","DATSCAN","08/2013","1","08/2013","1","","1","","","08/2013","2020-06-26 19:12:45","","08/2013"
"453770301","S","3231","V06","DATSCAN","08/2014","1","08/2014","1","","1","","","08/2014","2020-06-26 19:13:05","","08/2014"
"581696701","S","3231","V10","DATSCAN","07/2016","1","07/2016","1","","1","","","08/2016","2020-06-26 19:13:55","","08/2016"
"354578401","S","3700","SC","DATSCAN","07/2012","1","07/2012","1","","1","1","","07/2012","2020-05-06 13:43:46","","10/2012"
"412487401","S","3700","V04","DATSCAN","07/2013","1","07/2013","1","","1","","","09/2013","2020-05-06 13:43:47","","09/2013"
"448983801","S","3700","V06","DATSCAN","07/2014","1","07/2014","1","","1","","","07/2014","2020-05-06 13:43:48","","07/2014"
"577811301","S","3700","V10","DATSCAN","06/2016","0","","","","","","","07/2016","2020-05-06 13:43:49","","07/2016"
"355732301","S","3701","SC","DATSCAN","07/2012","1","07/2012","1","","1","1","","07/2012","2020-06-30 17:03:09","","10/2012"
"412487601","S","3701","V04","DATSCAN","08/2013","1","08/2013","1","","1","","","09/2013","2020-06-30 17:03:10","","09/2013"
"446557701","S","3701","V06","DATSCAN","07/2014","1","07/2014","1","","1","","","07/2014","2020-06-30 17:03:11","","07/2014"
"576276701","S","3701","V10","DATSCAN","06/2016","1","06/2016","1","","1","","","06/2016","2020-06-30 17:03:11","","07/2016"
"356243201","S","3702","SC","DATSCAN","07/2012","1","07/2012","1","","1","1","","07/2012","2020-06-30 17:03:14","","10/2012"
"412487801","S","3702","V04","DATSCAN","08/2013","1","08/2013","1","","1","","","09/2013","2020-06-30 17:03:15","","09/2013"
"447198201","S","3702","V06","DATSCAN","06/2014","1","06/2014","1","","1","","","07/2014","2021-10-13 00:00:00","","07/2014"
"578249501","S","3702","V10","DATSCAN","07/2016","1","07/2016","1","","1","","","07/2016","2020-06-30 17:03:16","","07/2016"
"355888201","S","3703","SC","DATSCAN","07/2012","0","","","","","","","07/2012","2020-02-12 15:04:30","","10/2012"
"355153501","S","3903","SC","DATSCAN","07/2012","1","07/2012","1","","1","1","","07/2012","2020-06-23 12:42:00","","08/2012"
"410809101","S","3903","ST","DATSCAN","08/2013","1","08/2013","1","","1","","","09/2013","2020-06-23 12:42:01","","09/2013"
"452712701","S","3903","V06","DATSCAN","08/2014","1","08/2014","1","","1","","","08/2014","2020-06-23 12:42:02","","08/2014"
"588012301","S","3903","V10","DATSCAN","08/2016","0","","","","","","","09/2016","2020-06-23 12:42:03","","09/2016"
"354474501","S","4091","SC","DATSCAN","07/2012","1","07/2012","1","","1","1","","07/2012","2020-06-30 09:33:24","","07/2012"
"407808801","S","4091","V04","DATSCAN","08/2013","1","08/2013","1","","1","","","08/2013","2020-06-30 09:33:25","","08/2013"
"451559001","S","4091","V06","DATSCAN","07/2014","1","07/2014","1","","1","","","08/2014","2020-06-30 09:33:26","","08/2014"
"589817001","S","4091","V10","DATSCAN","09/2016","1","09/2016","1","","1","","","09/2016","2020-06-30 09:33:27","","09/2016"
"357675901","S","4025","SC","DATSCAN","07/2012","1","07/2012","1","","1","1","","08/2012","2020-06-29 13:53:50","","08/2012"
"411099401","S","4025","V04","DATSCAN","08/2013","1","08/2013","1","","1","1","","09/2013","2020-06-29 13:53:52","","09/2013"
"451509901","S","4025","V06","DATSCAN","08/2014","1","08/2014","1","","1","","","08/2014","2020-06-29 13:53:52","","08/2014"
"583077801","S","4025","V10","DATSCAN","08/2016","1","08/2016","1","","1","","","08/2016","2020-06-29 13:53:53","","08/2016"
"354602801","S","4059","SC","DATSCAN","07/2012","1","07/2012","1","","1","1","","07/2012","2020-06-30 09:32:41","","07/2012"
"411113001","S","4059","V04","DATSCAN","09/2013","1","09/2013","1","","1","","","09/2013","2020-06-30 09:32:42","","09/2013"
"448360801","S","4059","V06","DATSCAN","07/2014","1","07/2014","1","","1","","","07/2014","2020-06-30 09:32:43","","07/2014"
"583421401","S","4059","V10","DATSCAN","08/2016","1","08/2016","1","","1","","","08/2016","2020-06-30 09:32:44","","08/2016"
"357240301","S","4090","SC","DATSCAN","07/2012","1","07/2012","1","","1","2","","08/2012","2020-06-30 09:32:56","","08/2012"
"357625001","S","4092","SC","DATSCAN","07/2012","1","07/2012","1","","1","1","","08/2012","2020-01-14 08:40:38","","08/2012"
"406155201","S","4092","V04","DATSCAN","07/2013","1","07/2013","1","","1","","","07/2013","2020-01-14 08:40:40","","07/2013"
"442256101","S","4092","V06","DATSCAN","06/2014","1","06/2014","1","","1","","","06/2014","2020-01-14 08:40:41","","06/2014"
"583253901","S","4092","V10","DATSCAN","08/2016","1","08/2016","1","","1","","","08/2016","2020-01-14 08:40:43","","08/2016"
"353853901","S","3324","SC","DATSCAN","06/2012","1","06/2012","1","","1","2","","07/2012","2020-06-09 12:05:48","","07/2012"
"479806801","S","3324","V06","DATSCAN","11/2014","1","11/2014","1","","1","2","","11/2014","2020-06-09 12:05:49","","11/2014"
"355074801","S","3537","SC","DATSCAN","07/2012","1","07/2012","1","","1","2","","07/2012","2020-06-25 15:29:37","","07/2012"
"450302701","S","3537","V06","DATSCAN","07/2014","1","07/2014","1","","1","2","","07/2014","2020-06-25 15:29:39","","07/2014"
"358754301","S","3958","SC","DATSCAN","08/2012","1","08/2012","1","","1","1","","08/2012","2020-05-05 15:23:37","","08/2012"
"355496401","S","3587","SC","DATSCAN","07/2012","1","07/2012","1","","1","1","","07/2012","2020-06-30 12:36:40","","07/2012"
"412467001","S","3587","V04","DATSCAN","09/2013","1","09/2013","1","","1","","","09/2013","2020-06-30 12:36:41","","09/2013"
"458009901","S","3587","V06","DATSCAN","09/2014","1","09/2014","1","","1","","","09/2014","2020-06-30 12:36:41","","09/2014"
"608040001","S","3587","V10","DATSCAN","12/2016","1","12/2016","1","","1","","","12/2016","2020-06-30 12:36:43","","12/2016"
"357355201","S","3181","SC","DATSCAN","08/2012","1","08/2012","1","","1","1","","08/2012","2020-06-30 09:48:01","","08/2012"
"408231401","S","3181","V04","DATSCAN","08/2013","1","08/2013","1","","1","","","08/2013","2020-06-30 09:48:02","","08/2013"
"457834901","S","3181","V06","DATSCAN","08/2014","1","08/2014","1","","1","","","09/2014","2020-06-30 09:48:03","","09/2014"
"587952201","S","3181","V10","DATSCAN","08/2016","1","08/2016","1","","1","","","09/2016","2020-06-30 09:48:04","","09/2016"
"354932101","S","3586","SC","DATSCAN","06/2012","1","06/2012","1","","1","1","","07/2012","2020-06-30 12:36:26","","07/2012"
"406994801","S","3586","V04","DATSCAN","08/2013","1","08/2013","1","","1","","","08/2013","2020-06-30 12:36:27","","08/2013"
"453991101","S","3586","V06","DATSCAN","08/2014","1","08/2014","1","","1","","","08/2014","2020-06-30 12:36:28","","08/2014"
"583279201","S","3586","V10","DATSCAN","08/2016","0","","","","","","","08/2016","2020-06-30 12:36:29","","08/2016"
"355260901","S","3661","SC","DATSCAN","07/2012","1","07/2012","1","","1","1","","07/2012","2020-01-16 14:30:15","","07/2012"
"411500301","S","3661","V04","DATSCAN","08/2013","1","08/2013","1","","1","","","09/2013","2020-01-16 14:30:17","","09/2013"
"490099901","S","3661","V06","DATSCAN","08/2014","1","08/2014","1","","1","","","12/2014","2020-01-16 14:30:18","","12/2014"
"586600101","S","3661","V10","DATSCAN","08/2016","1","08/2016","1","","1","","","08/2016","2020-01-16 14:30:19","","08/2016"
"363930001","S","3379","SC","DATSCAN","07/2012","1","07/2012","1","","1","2","","09/2012","2020-02-12 14:51:35","","09/2012"
"355652701","S","3380","SC","DATSCAN","07/2012","1","07/2012","1","","1","1","","07/2012","2020-06-26 14:35:51","","08/2012"
"410799901","S","3380","V04","DATSCAN","08/2013","1","08/2013","1","","1","","","09/2013","2020-06-26 14:35:53","","09/2013"
"535510701","S","3380","V06","DATSCAN","10/2014","1","10/2014","1","","1","","","09/2015","2020-06-26 14:35:53","","09/2015"
"637635601","S","3380","V10","DATSCAN","05/2017","1","05/2017","1","1","1","","","06/2017","2020-06-26 14:35:54","","06/2017"
"358991001","S","3381","SC","DATSCAN","08/2012","1","08/2012","1","","1","2","","08/2012","2020-01-13 11:33:10","","08/2012"
"360702301","S","4026","SC","DATSCAN","08/2012","1","08/2012","1","","1","1","","08/2012","2020-06-29 13:54:39","","08/2012"
"412347001","S","4026","V04","DATSCAN","09/2013","1","09/2013","1","","1","1","","09/2013","2020-06-29 13:54:40","","09/2013"
"458294501","S","4026","V06","DATSCAN","09/2014","1","09/2014","1","","1","","","09/2014","2020-06-29 13:54:40","","09/2014"
"590568701","S","4026","V10","DATSCAN","08/2016","0","","","","","","","09/2016","2020-06-29 13:54:42","","09/2016"
"355886201","S","4093","SC","DATSCAN","07/2012","1","07/2012","1","","1","1","","07/2012","2020-05-05 14:55:27","","07/2012"
"407709801","S","4093","V04","DATSCAN","08/2013","1","08/2013","1","","1","","","08/2013","2020-05-05 14:55:29","","08/2013"
"451556601","S","4093","V06","DATSCAN","08/2014","1","08/2014","1","","1","","","08/2014","2020-05-05 14:55:29","","08/2014"
"585964401","S","4093","V10","DATSCAN","08/2016","1","08/2016","1","","1","","","08/2016","2020-05-05 14:55:30","","08/2016"
"355854301","S","3782","SC","DATSCAN","07/2012","1","07/2012","1","1","1","2","","07/2012","2020-01-17 08:48:36","","07/2012"
"373527501","S","3782","PW","DATSCAN","11/2012","0","","","","","","","11/2012","2020-01-17 08:48:36","","11/2012"
"360320101","S","3631","SC","DATSCAN","08/2012","1","08/2012","1","","1","1","","08/2012","2020-01-15 12:00:18","","08/2012"
"422615401","S","3631","V04","DATSCAN","11/2013","1","11/2013","1","","1","","","01/2014","2020-01-15 12:00:19","","01/2014"
"483228001","S","3631","V06","DATSCAN","12/2014","1","12/2014","1","","1","","","12/2014","2020-01-15 12:00:20","","12/2014"
"624905801","S","3631","V10","DATSCAN","12/2016","0","","","","","","","03/2017","2020-01-15 12:00:21","","03/2017"
"360248601","S","4073","SC","DATSCAN","07/2012","1","07/2012","1","","1","1","","08/2012","2020-05-08 13:29:23","","09/2012"
"422022501","S","4073","V04","DATSCAN","09/2013","1","09/2013","1","","1","","","12/2013","2020-05-08 13:27:58","","12/2013"
"619115601","S","4073","V10","DATSCAN","12/2016","1","12/2016","1","","1","","","02/2017","2020-05-08 13:22:36","","02/2017"
"771494501","S","4073","U01","DATSCAN","11/2017","1","11/2017","1","","1","","","05/2020","2021-10-13 00:00:00","","05/2020"
"361268901","S","3826","SC","DATSCAN","08/2012","1","08/2012","1","","1","1","","09/2012","2020-06-26 10:22:33","","09/2012"
"412804801","S","3826","V04","DATSCAN","08/2013","1","08/2013","1","","1","1","","09/2013","2020-06-26 10:22:34","","09/2013"
"454926901","S","3826","V06","DATSCAN","08/2014","1","08/2014","1","","1","","","09/2014","2020-06-26 10:22:35","","09/2014"
"594740201","S","3826","V10","DATSCAN","10/2016","1","10/2016","1","","1","","","10/2016","2020-06-26 10:22:36","","10/2016"
"362864901","S","3325","SC","DATSCAN","08/2012","1","08/2012","1","","1","1","","09/2012","2020-06-09 13:47:03","","09/2012"
"414107701","S","3325","V04","DATSCAN","10/2013","1","10/2013","1","","1","","","10/2013","2020-06-09 13:48:00","","10/2013"
"454689201","S","3325","V06","DATSCAN","08/2014","1","08/2014","1","","1","","","08/2014","2020-06-09 13:48:31","","08/2014"
"588262501","S","3325","V10","DATSCAN","09/2016","1","09/2016","1","","1","","","09/2016","2020-06-09 13:49:40","","09/2016"
"357039301","S","3827","SC","DATSCAN","08/2012","1","08/2012","1","","1","1","","08/2012","2020-06-02 12:21:37","","08/2012"
"357826201","S","4094","SC","DATSCAN","08/2012","1","08/2012","1","","1","1","","08/2012","2020-06-30 09:35:52","","08/2012"
"400726201","S","4094","ST","DATSCAN","06/2013","1","06/2013","2","1","1","","","06/2013","2020-06-30 09:35:53","","06/2013"
"450684001","S","4094","V06","DATSCAN","07/2014","1","07/2014","1","","1","","","08/2014","2020-06-30 09:35:54","","08/2014"
"591129701","S","4094","V10","DATSCAN","09/2016","1","09/2016","1","","1","","","09/2016","2020-06-30 09:35:55","","09/2016"
"358781301","S","4095","SC","DATSCAN","08/2012","1","08/2012","1","","1","1","","08/2012","2014-10-27 10:17:50","","08/2012"
"362155301","S","3828","SC","DATSCAN","09/2012","1","09/2012","1","","1","1","","09/2012","2020-06-26 10:23:27","","09/2012"
"412818401","S","3828","V04","DATSCAN","09/2013","1","09/2013","1","","1","1","","09/2013","2020-06-26 10:23:29","","09/2013"
"457900101","S","3828","V06","DATSCAN","09/2014","1","09/2014","1","","1","","","09/2014","2020-06-26 10:23:29","","09/2014"
"590556301","S","3828","V10","DATSCAN","09/2016","1","09/2016","1","","1","","","09/2016","2020-06-26 10:23:30","","09/2016"
"357673101","S","4096","SC","DATSCAN","08/2012","1","08/2012","1","","1","1","","08/2012","2020-06-30 09:36:18","","08/2012"
"410974401","S","4096","V04","DATSCAN","09/2013","1","09/2013","1","","1","","","09/2013","2020-06-30 09:36:20","","09/2013"
"461326901","S","4096","V06","DATSCAN","09/2014","1","09/2014","1","","1","","","09/2014","2020-06-30 09:36:20","","09/2014"
"593651801","S","4096","V10","DATSCAN","09/2016","1","09/2016","1","","1","","","10/2016","2020-06-30 09:36:22","","10/2016"
"360544001","S","3473","SC","DATSCAN","08/2012","1","08/2012","1","","1","1","","08/2012","2020-06-24 19:04:57","","08/2012"
"410932901","S","3473","V04","DATSCAN","09/2013","1","09/2013","1","","1","","","09/2013","2020-06-24 19:04:59","","09/2013"
"463842101","S","3473","V06","DATSCAN","09/2014","1","09/2014","1","","1","","","10/2014","2020-06-24 19:04:59","","10/2014"
"592178201","S","3473","V10","DATSCAN","09/2016","1","09/2016","1","","1","","","09/2016","2020-06-24 19:05:00","","09/2016"
"360728501","S","4027","SC","DATSCAN","08/2012","1","08/2012","1","","1","1","","08/2012","2020-06-29 13:55:06","","09/2012"
"414319801","S","4027","V04","DATSCAN","10/2013","1","10/2013","1","","1","1","","10/2013","2020-06-29 13:55:07","","10/2013"
"472606301","S","4027","V06","DATSCAN","10/2014","1","10/2014","1","","1","","","11/2014","2020-06-29 13:55:07","","11/2014"
"590620701","S","4027","V10","DATSCAN","09/2016","1","09/2016","1","","1","","","09/2016","2020-06-29 13:55:09","","09/2016"
"357799401","S","3474","SC","DATSCAN","08/2012","0","","","","","","","08/2012","2020-02-12 14:53:27","","08/2012"
"359488201","S","3127","SC","DATSCAN","08/2012","1","08/2012","1","","1","1","","08/2012","2020-06-01 14:59:11","","08/2012"
"616487601","S","3127","V10","DATSCAN","01/2017","1","01/2017","1","","1","","","02/2017","2020-06-01 15:02:46","","02/2017"
"360719001","S","4074","SC","DATSCAN","08/2012","1","08/2012","1","","1","1","","08/2012","2020-05-04 06:17:00","","10/2012"
"421087801","S","4074","V04","DATSCAN","12/2013","1","12/2013","1","","1","1","","12/2013","2020-05-04 06:43:10","","12/2013"
"489580501","S","4074","V06","DATSCAN","12/2014","1","12/2014","1","","1","","","12/2014","2020-05-04 06:55:36","","12/2014"
"359573001","S","3904","SC","DATSCAN","08/2012","1","08/2012","1","","1","1","","08/2012","2020-06-23 12:42:15","","08/2012"
"413238701","S","3904","ST","DATSCAN","09/2013","1","09/2013","1","","1","","","09/2013","2020-06-23 12:42:15","","09/2013"
"459875601","S","3904","V06","DATSCAN","09/2014","1","09/2014","1","","1","","","09/2014","2020-06-23 12:42:17","","09/2014"
"359725101","S","3182","SC","DATSCAN","08/2012","1","08/2012","1","","1","1","","08/2012","2020-05-12 10:31:23","","08/2012"
"405900901","S","3182","ST","DATSCAN","07/2013","1","07/2013","1","","1","","","07/2013","2020-05-12 10:31:23","","07/2013"
"458066501","S","3182","V06","DATSCAN","09/2014","1","09/2014","1","","1","","","09/2014","2020-05-12 10:31:25","","09/2014"
"590475301","S","3182","V10","DATSCAN","08/2016","1","08/2016","1","","1","","","09/2016","2020-05-12 10:31:26","","09/2016"
"361157401","S","3538","SC","DATSCAN","08/2012","1","08/2012","1","","1","2","","09/2012","2020-06-25 15:29:51","","09/2012"
"420640101","S","3538","ST","DATSCAN","10/2013","0","","","","","","","12/2013","2020-06-25 15:29:52","","12/2013"
"471926101","S","3538","V06","DATSCAN","10/2014","1","10/2014","1","","1","2","","11/2014","2020-06-25 15:29:53","","11/2014"
"358599001","S","3783","SC","DATSCAN","08/2012","1","08/2012","1","","1","2","","08/2012","2020-06-30 17:00:12","","12/2012"
"494626801","S","3783","V06","DATSCAN","11/2014","1","11/2014","1","","1","","","01/2015","2020-06-30 17:00:49","","01/2015"
"359505301","S","3128","SC","DATSCAN","08/2012","1","08/2012","1","","1","1","","08/2012","2020-06-01 15:07:35","","08/2012"
"412604101","S","3128","ST","DATSCAN","09/2013","1","09/2013","1","","1","","","09/2013","2020-06-01 15:13:12","","09/2013"
"476342501","S","3128","V06","DATSCAN","10/2014","1","10/2014","1","","1","","","11/2014","2020-06-01 15:10:24","","11/2014"
"595328001","S","3128","V10","DATSCAN","10/2016","1","10/2016","1","","1","","","10/2016","2020-06-01 15:11:39","","10/2016"
"363009301","S","3129","SC","DATSCAN","09/2012","1","09/2012","1","","1","1","","09/2012","2020-01-02 13:41:55","","09/2012"
"415514101","S","3129","V04","DATSCAN","10/2013","0","","","","","","","10/2013","2020-01-02 13:41:55","","10/2013"
"362676401","S","3025","SC","DATSCAN","08/2012","1","08/2012","1","","1","1","","09/2012","2020-01-02 12:48:55","","09/2012"
"359253801","S","3588","SC","DATSCAN","08/2012","1","08/2012","1","","1","1","","08/2012","2020-06-30 12:36:58","","08/2012"
"421167801","S","3588","V04","DATSCAN","12/2013","1","12/2013","1","","1","","","12/2013","2020-06-30 12:37:00","","12/2013"
"464528101","S","3588","V06","DATSCAN","10/2014","1","10/2014","1","","1","","","10/2014","2020-06-30 12:37:00","","10/2014"
"590829101","S","3588","V10","DATSCAN","09/2016","1","09/2016","1","","1","","","09/2016","2020-06-30 12:37:01","","09/2016"
"360476101","S","3475","SC","DATSCAN","08/2012","1","08/2012","1","","1","1","","08/2012","2020-06-24 19:05:14","","08/2012"
"412135301","S","3475","V04","DATSCAN","09/2013","1","09/2013","1","","1","","","09/2013","2020-06-24 19:05:16","","09/2013"
"478515901","S","3475","V06","DATSCAN","09/2014","1","09/2014","1","","1","","","11/2014","2020-06-24 19:05:16","","11/2014"
"589789201","S","3475","V10","DATSCAN","09/2016","1","09/2016","1","","1","","","09/2016","2020-06-24 19:05:18","","09/2016"
"361250201","S","3183","SC","DATSCAN","08/2012","1","08/2012","1","","1","2","","09/2012","2020-02-19 11:29:01","","09/2012"
"468946401","S","3183","V06","DATSCAN","10/2014","1","10/2014","1","","1","2","","10/2014","2020-02-19 11:29:05","","11/2014"
"362209501","S","4075","SC","DATSCAN","08/2012","1","08/2012","1","","1","1","","09/2012","2020-01-14 12:56:27","","09/2012"
"360847501","S","3662","SC","DATSCAN","08/2012","1","08/2012","1","","1","2","","08/2012","2020-01-16 08:17:12","","08/2012"
"363608501","S","4076","SC","DATSCAN","09/2012","1","09/2012","1","","1","1","","09/2012","2020-05-01 16:20:17","","09/2012"
"418848301","S","4076","V04","DATSCAN","11/2013","1","11/2013","1","","1","1","","11/2013","2020-05-04 08:45:03","","11/2013"
"478187901","S","4076","V06","DATSCAN","10/2014","1","10/2014","1","","1","","","11/2014","2020-05-04 09:06:21","","12/2014"
"364053501","S","3539","SC","DATSCAN","09/2012","1","09/2012","1","","1","2","","09/2012","2020-06-25 15:30:05","","09/2012"
"493296601","S","3539","V06","DATSCAN","12/2014","1","12/2014","1","","1","2","","01/2015","2020-06-25 15:30:07","","01/2015"
"363149301","S","3476","SC","DATSCAN","09/2012","1","09/2012","1","","1","1","","09/2012","2020-06-16 13:53:45","","09/2012"
"412935601","S","3476","V04","DATSCAN","09/2013","1","09/2013","1","","1","","","09/2013","2020-06-16 13:53:47","","09/2013"
"468942201","S","3476","V06","DATSCAN","09/2014","1","09/2014","1","","1","","","10/2014","2020-06-16 13:53:48","","10/2014"
"369143701","S","3959","SC","DATSCAN","10/2012","1","10/2012","1","","1","2","","10/2012","2020-06-29 10:12:10","","10/2012"
"369884001","S","3383","SC","DATSCAN","09/2012","1","09/2012","1","","1","1","","10/2012","2020-06-26 14:36:25","","10/2012"
"436975101","S","3383","ST","DATSCAN","11/2013","1","11/2013","1","","1","","","05/2014","2020-06-26 14:36:25","","05/2014"
"535498001","S","3383","V06","DATSCAN","10/2014","1","10/2014","1","","1","","","09/2015","2020-06-26 14:36:27","","09/2015"
"597403301","S","3383","V10","DATSCAN","10/2016","1","10/2016","1","","1","","","10/2016","2020-06-26 14:36:28","","10/2016"
"365664101","S","3829","SC","DATSCAN","09/2012","1","09/2012","1","","1","1","","10/2012","2020-06-26 10:24:20","","10/2012"
"413835301","S","3829","V04","DATSCAN","10/2013","1","10/2013","1","","1","1","","10/2013","2020-06-26 10:24:22","","10/2013"
"466778701","S","3829","V06","DATSCAN","10/2014","1","10/2014","1","","1","","","10/2014","2020-06-26 10:24:22","","10/2014"
"591350101","S","3829","V10","DATSCAN","09/2016","1","09/2016","1","","1","","","09/2016","2020-06-26 10:24:23","","09/2016"
"369090001","S","3284","SC","DATSCAN","10/2012","1","10/2012","2","1","1","1","","10/2012","2020-05-12 10:51:05","","10/2012"
"600256401","S","3284","V10","DATSCAN","11/2016","0","","","","","","","11/2016","2020-05-12 10:51:08","","11/2016"
"362836701","S","3326","SC","DATSCAN","09/2012","1","09/2012","1","","1","2","","09/2012","2020-06-09 13:53:37","","09/2012"
"501558601","S","3326","V06","DATSCAN","02/2015","1","02/2015","1","","1","2","","02/2015","2020-06-09 13:55:13","","02/2015"
"362853101","S","3327","SC","DATSCAN","09/2012","1","09/2012","1","","1","1","","09/2012","2020-06-09 13:57:14","","09/2012"
"422154001","S","3327","V04","DATSCAN","12/2013","0","","","","","","","12/2013","2020-06-09 13:58:13","","12/2013"
"490262101","S","3327","V06","DATSCAN","12/2014","1","12/2014","1","","1","","","12/2014","2020-06-09 13:58:44","","12/2014"
"614796401","S","3327","V10","DATSCAN","01/2017","1","01/2017","1","","1","","","02/2017","2020-06-09 13:59:51","","02/2017"
"367716501","S","3905","SC","DATSCAN","10/2012","1","10/2012","1","","1","1","","10/2012","2020-06-26 18:43:07","","10/2012"
"420969201","S","3905","ST","DATSCAN","12/2013","1","12/2013","1","","1","","","12/2013","2020-06-26 18:43:16","","12/2013"
"480773901","S","3905","V06","DATSCAN","10/2014","1","10/2014","1","","1","","","12/2014","2020-06-26 18:43:21","","12/2014"
"615743601","S","3905","V10","DATSCAN","11/2016","0","","","","","","","02/2017","2020-06-26 18:43:31","","02/2017"
"363394301","S","4077","SC","DATSCAN","09/2012","1","09/2012","1","","1","1","","09/2012","2020-05-08 14:11:54","","11/2012"
"419964001","S","4077","V04","DATSCAN","12/2013","1","12/2013","1","","1","1","","12/2013","2020-05-08 14:09:50","","12/2013"
"484290101","S","4077","V06","DATSCAN","11/2014","1","11/2014","1","","1","","","12/2014","2020-05-08 14:09:07","","12/2014"
"616740901","S","4077","V10","DATSCAN","02/2017","1","02/2017","1","","1","","","02/2017","2020-05-08 14:07:59","","02/2017"
"368336801","S","3704","SC","DATSCAN","09/2012","1","09/2012","1","","1","1","","10/2012","2020-06-22 15:47:56","","10/2012"
"417634801","S","3704","V04","DATSCAN","11/2013","1","11/2013","1","","1","","","11/2013","2020-06-22 15:47:57","","11/2013"
"482181901","S","3704","V06","DATSCAN","12/2014","1","12/2014","1","","1","","","12/2014","2020-06-22 15:47:58","","12/2014"
"598198101","S","3704","V10","DATSCAN","10/2016","1","10/2016","1","","1","","","10/2016","2020-06-22 15:47:59","","10/2016"
"364365001","S","3082","SC","DATSCAN","09/2012","1","09/2012","1","","1","2","","09/2012","2020-06-24 12:33:55","","09/2012"
"474140301","S","3082","V06","DATSCAN","11/2014","1","11/2014","1","","1","2","","11/2014","2020-06-24 12:34:34","","11/2014"
"367715801","S","3869","SC","DATSCAN","09/2012","1","09/2012","1","","1","1","","10/2012","2020-06-22 15:30:08","","10/2012"
"433708801","S","3869","V04","DATSCAN","04/2014","1","04/2014","1","","1","","","04/2014","2020-06-22 15:30:10","","01/2014"
"480511101","S","3869","V06","DATSCAN","11/2014","0","","","","","","","11/2014","2020-06-22 15:30:10","","11/2014"
"615477601","S","3869","V10","DATSCAN","02/2017","1","02/2017","1","","1","","","02/2017","2020-06-22 15:30:11","","02/2017"
"366296201","S","3026","SC","DATSCAN","09/2012","1","09/2012","1","","1","1","","10/2012","2020-04-22 09:14:13","","10/2012"
"368395501","S","3541","SC","DATSCAN","10/2012","1","10/2012","1","","1","2","","10/2012","2020-06-22 12:36:28","","10/2012"
"371675001","S","3960","SC","DATSCAN","11/2012","1","11/2012","1","","1","1","","11/2012","2020-06-22 12:07:12","","11/2012"
"418883601","S","3960","ST","DATSCAN","11/2013","1","11/2013","1","","1","","","11/2013","2020-06-22 12:07:13","","11/2013"
"486556101","S","3960","V06","DATSCAN","12/2014","1","12/2014","1","","1","","","12/2014","2020-06-22 12:07:14","","12/2014"
"623135901","S","3960","V10","DATSCAN","03/2017","1","03/2017","1","","1","","","03/2017","2020-06-22 12:07:16","","03/2017"
"370280601","S","3632","SC","DATSCAN","10/2012","1","10/2012","1","","1","1","","11/2012","2020-05-06 13:37:40","","11/2012"
"624907301","S","3632","V10","DATSCAN","01/2017","0","","","","","","","03/2017","2020-05-06 13:37:42","","03/2017"
"671793001","S","3632","U01","DATSCAN","01/2018","1","01/2018","1","","1","","","01/2018","2020-05-06 13:37:41","","01/2018"
"368390901","S","3540","SC","DATSCAN","10/2012","1","10/2012","1","","1","1","","10/2012","2020-06-25 15:30:21","","10/2012"
"416553901","S","3540","V04","DATSCAN","10/2013","1","10/2013","1","","1","","","11/2013","2020-06-25 15:30:22","","11/2013"
"480928201","S","3540","V06","DATSCAN","11/2014","1","11/2014","1","","1","","","12/2014","2020-06-25 15:30:22","","12/2014"
"604528301","S","3540","V10","DATSCAN","11/2016","1","11/2016","1","","1","","","11/2016","2020-06-25 15:30:23","","11/2016"
"365161101","S","4097","SC","DATSCAN","10/2012","1","10/2012","1","","1","1","","10/2012","2020-02-11 15:29:57","","10/2012"
"365866701","S","3384","SC","DATSCAN","10/2012","1","10/2012","1","","1","2","","10/2012","2020-06-26 14:36:43","","10/2012"
"552036201","S","3384","V06","DATSCAN","02/2015","1","02/2015","1","","1","","","01/2016","2020-06-26 14:36:44","","01/2016"
"365682801","S","3232","SC","DATSCAN","10/2012","1","10/2012","1","","1","1","","10/2012","2020-02-11 15:14:19","","10/2012"
"365304101","S","3784","SC","DATSCAN","08/2012","1","08/2012","1","1","1","2","","10/2012","2020-06-30 17:00:14","","10/2012"
"485699901","S","3784","V06","DATSCAN","10/2014","1","10/2014","1","","1","","","12/2014","2020-06-30 17:00:46","","12/2014"
"368782401","S","4029","SC","DATSCAN","10/2012","1","10/2012","1","","1","1","","10/2012","2020-06-29 13:56:20","","10/2012"
"414925401","S","4029","V04","DATSCAN","10/2013","1","10/2013","1","","1","1","","10/2013","2020-06-29 13:56:21","","10/2013"
"473120301","S","4029","V06","DATSCAN","10/2014","1","10/2014","1","","1","","","11/2014","2020-06-29 13:56:22","","11/2014"
"597771101","S","4029","V10","DATSCAN","10/2016","1","10/2016","1","","1","","","10/2016","2020-06-29 13:56:23","","10/2016"
"365355201","S","3785","SC","DATSCAN","09/2012","1","09/2012","1","1","1","1","","10/2012","2020-06-22 15:08:23","","10/2012"
"486084101","S","3785","V06","DATSCAN","10/2014","1","10/2014","1","","1","","","12/2014","2020-06-22 15:08:25","","12/2014"
"420644801","S","3785","V04","DATSCAN","11/2013","1","11/2013","1","","1","","","12/2013","2020-06-22 15:08:25","","01/2015"
"603337101","S","3785","V10","DATSCAN","11/2016","1","11/2016","1","","1","","","11/2016","2020-06-22 15:08:26","","11/2016"
"366918401","S","3906","SC","DATSCAN","10/2012","0","","","","","","","10/2012","2020-02-12 11:35:27","","10/2012"
"367239201","S","3907","SC","DATSCAN","10/2012","1","10/2012","1","","1","2","","10/2012","2020-06-26 18:43:07","","10/2012"
"368510301","S","3130","SC","DATSCAN","10/2012","1","10/2012","1","","1","1","","10/2012","2020-06-01 15:14:53","","10/2012"
"419024301","S","3130","V04","DATSCAN","11/2013","1","11/2013","1","","1","","","11/2013","2020-06-01 15:16:02","","11/2013"
"480619901","S","3130","V06","DATSCAN","11/2014","1","11/2014","1","","1","","","11/2014","2020-06-01 15:16:35","","11/2014"
"609114001","S","3130","V10","DATSCAN","12/2016","1","12/2016","1","","1","","","12/2016","2020-06-01 15:17:40","","12/2016"
"365715801","S","3233","SC","DATSCAN","10/2012","1","10/2012","1","","1","1","","10/2012","2020-04-22 10:47:26","","10/2012"
"419880001","S","3233","V04","DATSCAN","12/2013","1","12/2013","1","","1","","","12/2013","2020-04-22 10:47:27","","12/2013"
"489428401","S","3233","V06","DATSCAN","12/2014","1","12/2014","1","","1","","","12/2014","2020-04-22 10:47:28","","12/2014"
"603207801","S","3233","V10","DATSCAN","11/2016","1","11/2016","1","","1","","","11/2016","2020-04-22 10:47:29","","11/2016"
"366022301","S","3786","SC","DATSCAN","09/2012","1","09/2012","1","","1","2","","10/2012","2020-02-12 15:01:55","","10/2012"
"371948401","S","3285","SC","DATSCAN","11/2012","1","11/2012","1","","1","1","","11/2012","2020-06-24 14:02:04","","11/2012"
"524412501","S","3285","V06","DATSCAN","11/2014","0","","","","","","","06/2015","2020-06-24 14:02:05","","12/2014"
"608752501","S","3285","V10","DATSCAN","12/2016","0","","","","","","","12/2016","2020-06-24 14:02:07","","12/2016"
"771887201","S","3285","ST","DATSCAN","11/2013","0","","","","","","","06/2020","2020-06-24 14:02:04","","06/2020"
"371949201","S","3286","SC","DATSCAN","11/2012","1","11/2012","1","","1","2","","11/2012","2020-02-12 14:49:29","","11/2012"
"366696701","S","3787","SC","DATSCAN","10/2012","1","10/2012","1","1","1","1","","10/2012","2020-06-30 17:00:15","","11/2012"
"420457801","S","3787","V04","DATSCAN","10/2013","1","10/2013","1","","1","","","12/2013","2020-06-30 17:00:36","","12/2013"
"505088501","S","3787","V06","DATSCAN","12/2014","1","12/2014","1","","1","","","02/2015","2020-06-30 17:00:50","","02/2015"
"608339501","S","3787","V10","DATSCAN","12/2016","1","12/2016","1","","1","","","12/2016","2020-06-30 17:01:12","","12/2016"
"370169301","S","3184","SC","DATSCAN","10/2012","1","10/2012","1","","1","1","","11/2012","2020-06-30 09:48:31","","11/2012"
"486908301","S","3184","V06","DATSCAN","11/2014","1","11/2014","1","","1","","","12/2014","2020-06-30 09:48:33","","12/2014"
"418679101","S","3184","V04","DATSCAN","11/2013","1","11/2013","1","","1","","","11/2013","2020-06-30 09:48:32","","11/2013"
"607524901","S","3184","V10","DATSCAN","12/2016","1","12/2016","1","","1","","","12/2016","2020-06-30 09:48:34","","12/2016"
"371353901","S","3706","SC","DATSCAN","11/2012","1","11/2012","1","","1","2","","11/2012","2020-02-12 11:39:59","","12/2012"
"367852901","S","4098","SC","DATSCAN","10/2012","1","10/2012","1","","1","1","","10/2012","2020-06-29 14:31:30","","10/2012"
"417911101","S","4098","V04","DATSCAN","11/2013","1","11/2013","1","","1","","","11/2013","2020-06-29 14:31:31","","11/2013"
"477315601","S","4098","V06","DATSCAN","11/2014","1","11/2014","1","","1","","","11/2014","2020-06-29 14:31:32","","11/2014"
"603181001","S","4098","V10","DATSCAN","11/2016","1","11/2016","1","","1","","","11/2016","2020-06-29 14:31:33","","11/2016"
"368371301","S","3788","SC","DATSCAN","10/2012","1","10/2012","1","1","1","1","","10/2012","2020-01-17 09:27:26","","11/2012"
"416027801","S","3788","V04","DATSCAN","10/2013","1","10/2013","1","","1","","","10/2013","2020-01-17 09:27:28","","10/2013"
"374120501","S","3633","SC","DATSCAN","11/2012","1","11/2012","1","","1","1","","11/2012","2020-01-15 09:48:25","","11/2012"
"370371601","S","3705","SC","DATSCAN","10/2012","1","10/2012","1","","1","1","","11/2012","2020-06-22 15:50:54","","11/2012"
"416698701","S","3705","V04","DATSCAN","10/2013","1","10/2013","1","","1","","","11/2013","2020-06-22 15:50:56","","11/2013"
"482178701","S","3705","V06","DATSCAN","12/2014","1","12/2014","1","","1","","","12/2014","2020-06-22 15:50:56","","12/2014"
"600926801","S","3705","V10","DATSCAN","11/2016","1","11/2016","1","","1","","","11/2016","2020-06-22 15:50:57","","11/2016"
"369373501","S","4080","SC","DATSCAN","10/2012","0","","","","","","","10/2012","2020-02-12 15:03:36","","11/2012"
"371759501","S","4078","SC","DATSCAN","10/2012","1","10/2012","1","","1","1","","11/2012","2020-04-28 09:00:37","","11/2012"
"417891501","S","4078","ST","DATSCAN","10/2013","1","10/2013","1","","1","1","","11/2013","2020-04-28 09:00:38","","11/2013"
"498995901","S","4078","V06","DATSCAN","01/2015","1","01/2015","1","","1","","","01/2015","2020-04-28 09:00:39","","01/2015"
"612046901","S","4078","V10","DATSCAN","01/2017","1","01/2017","1","","1","","","01/2017","2020-04-28 09:00:40","","01/2017"
"370251001","S","3328","SC","DATSCAN","10/2012","1","10/2012","1","","1","1","","11/2012","2020-06-09 14:02:56","","11/2012"
"424290901","S","3328","V04","DATSCAN","01/2014","1","01/2014","1","","1","","","01/2014","2020-06-09 14:04:04","","01/2014"
"491771501","S","3328","V06","DATSCAN","01/2015","1","01/2015","1","","1","","","01/2015","2020-06-09 14:04:37","","01/2015"
"615111701","S","3328","V10","DATSCAN","01/2017","0","","","","","","","02/2017","2020-06-09 14:05:42","","02/2017"
"369808701","S","3789","SC","DATSCAN","10/2012","1","10/2012","1","","1","1","","10/2012","2020-06-22 15:12:59","","10/2012"
"426710101","S","3789","V04","DATSCAN","12/2013","1","12/2013","1","","1","","","02/2014","2020-06-22 15:13:00","","02/2014"
"485720601","S","3789","V06","DATSCAN","11/2014","1","11/2014","1","","1","","","12/2014","2020-06-22 15:13:01","","12/2014"
"607990301","S","3789","V10","DATSCAN","11/2016","1","11/2016","1","","1","","","12/2016","2020-06-22 15:13:02","","12/2016"
"373840701","S","3478","SC","DATSCAN","11/2012","1","11/2012","1","","1","1","","11/2012","2020-05-12 12:12:59","","11/2012"
"375614101","S","4030","SC","DATSCAN","11/2012","1","11/2012","1","","1","1","","11/2012","2020-06-29 13:57:02","","12/2012"
"426308201","S","4030","V04","DATSCAN","01/2014","1","01/2014","1","","1","","","01/2014","2020-06-29 13:57:03","","01/2014"
"496984701","S","4030","V06","DATSCAN","01/2015","1","01/2015","1","","1","","","01/2015","2020-06-29 13:57:04","","01/2015"
"615189801","S","4030","V10","DATSCAN","01/2017","1","01/2017","1","","1","","","02/2017","2020-06-29 13:57:05","","02/2017"
"372014501","S","4081","SC","DATSCAN","11/2012","0","","","","","","","11/2012","2020-02-19 11:29:30","","04/2013"
"372108001","S","4079","SC","DATSCAN","10/2012","1","10/2012","1","","1","2","","11/2012","2020-01-14 12:57:50","","11/2012"
"372010001","S","4100","SC","DATSCAN","11/2012","1","11/2012","1","","1","2","","11/2012","2020-06-29 14:29:21","","11/2012"
"372028801","S","4101","SC","DATSCAN","11/2012","1","11/2012","1","","1","1","","11/2012","2020-06-29 14:26:23","","11/2012"
"418556101","S","4101","V04","DATSCAN","11/2013","1","11/2013","1","","1","","","11/2013","2020-06-29 14:26:25","","11/2013"
"479636501","S","4101","V06","DATSCAN","11/2014","1","11/2014","1","","1","","","11/2014","2020-06-29 14:26:25","","11/2014"
"606874901","S","4101","V10","DATSCAN","12/2016","1","12/2016","1","","1","","","12/2016","2020-06-29 14:26:26","","12/2016"
"374691701","S","3830","SC","DATSCAN","11/2012","1","11/2012","1","","1","1","","11/2012","2020-06-26 10:25:09","","11/2012"
"421194701","S","3830","V04","DATSCAN","11/2013","1","11/2013","1","","1","","","12/2013","2020-06-26 10:25:11","","12/2013"
"483848901","S","3830","V06","DATSCAN","11/2014","1","11/2014","1","","1","","","12/2014","2020-06-26 10:25:11","","12/2014"
"604917901","S","3830","V10","DATSCAN","11/2016","1","11/2016","1","","1","","","12/2016","2020-06-26 10:25:13","","12/2016"
"372734501","S","3831","SC","DATSCAN","11/2012","1","11/2012","1","","1","1","","11/2012","2020-06-26 10:25:52","","11/2012"
"417829401","S","3831","V04","DATSCAN","10/2013","1","10/2013","1","","1","1","","11/2013","2020-06-26 10:25:53","","11/2013"
"480006901","S","3831","V06","DATSCAN","11/2014","1","11/2014","1","","1","","","11/2014","2020-06-26 10:25:53","","11/2014"
"602248301","S","3831","V10","DATSCAN","11/2016","1","11/2016","1","","1","","","11/2016","2020-06-26 10:25:54","","11/2016"
"372557101","S","4099","SC","DATSCAN","11/2012","1","11/2012","1","","1","1","","11/2012","2020-06-29 14:31:00","","11/2012"
"420304901","S","4099","V04","DATSCAN","12/2013","1","12/2013","1","","1","","","12/2013","2020-06-29 14:31:01","","12/2013"
"485686301","S","4099","V06","DATSCAN","12/2014","1","12/2014","1","","1","","","12/2014","2020-06-29 14:31:01","","12/2014"
"606836001","S","4099","V10","DATSCAN","12/2016","1","12/2016","1","","1","","","12/2016","2020-06-29 14:31:02","","12/2016"
"377585501","S","3908","SC","DATSCAN","11/2012","1","11/2012","1","","1","2","","12/2012","2020-06-26 18:43:08","","12/2012"
"377776801","S","3909","SC","DATSCAN","11/2012","0","","","","","","","12/2012","2020-02-12 15:02:54","","12/2012"
"372773001","S","4120","SC","DATSCAN","10/2012","1","10/2012","1","","1","2","","11/2012","2020-05-08 14:40:09","","11/2012"
"420935901","S","4120","V04","DATSCAN","12/2013","1","12/2013","1","","1","","","12/2013","2020-05-08 14:41:10","","01/2014"
"492342101","S","4120","V06","DATSCAN","01/2015","1","01/2015","1","","1","2","","01/2015","2020-05-08 14:41:54","","01/2015"
"377584701","S","3589","SC","DATSCAN","11/2012","1","11/2012","1","","1","1","","12/2012","2020-01-14 12:52:07","","12/2012"
"439017801","S","3589","ST","DATSCAN","05/2014","1","05/2014","1","","1","","","05/2014","2020-01-14 12:52:07","","05/2014"
"504884101","S","3589","V06","DATSCAN","02/2015","1","02/2015","1","","1","","","02/2015","2020-01-14 12:52:09","","02/2015"
"378692601","S","3961","SC","DATSCAN","12/2012","1","12/2012","1","","1","1","","12/2012","2020-06-29 10:17:59","","12/2012"
"426040401","S","3961","V04","DATSCAN","01/2014","1","01/2014","1","","1","","","01/2014","2020-06-29 10:18:01","","01/2014"
"498947901","S","3961","V06","DATSCAN","01/2015","1","01/2015","1","","1","","","01/2015","2020-06-29 10:18:01","","01/2015"
"623136101","S","3961","V10","DATSCAN","03/2017","1","03/2017","1","","1","","","03/2017","2020-06-29 10:18:03","","03/2017"
"372943501","S","4082","SC","DATSCAN","11/2012","0","","","","","","","11/2012","2020-02-19 11:29:35","","04/2013"
"377689801","S","4083","SC","DATSCAN","11/2012","0","","","","","","","12/2012","2020-02-19 11:29:39","","04/2013"
"378125201","S","3634","SC","DATSCAN","11/2012","1","11/2012","1","","1","1","","12/2012","2020-06-26 16:46:14","","12/2012"
"437163101","S","3634","V04","DATSCAN","04/2014","1","04/2014","1","","1","","","05/2014","2020-06-26 16:46:28","","05/2014"
"506899901","S","3634","V06","DATSCAN","02/2015","1","02/2015","1","","1","","","02/2015","2020-06-26 16:46:37","","02/2015"
"624908501","S","3634","V10","DATSCAN","03/2017","0","","","","","","","03/2017","2020-06-26 16:47:04","","03/2017"
"378998101","S","4065","SC","DATSCAN","11/2012","1","11/2012","1","","1","1","","12/2012","2020-05-12 10:27:58","","12/2012"
"420388401","S","4065","V04","DATSCAN","11/2013","1","11/2013","2","1","1","","","12/2013","2020-05-12 10:27:59","","12/2013"
"373553801","S","3790","SC","DATSCAN","11/2012","1","11/2012","1","","1","2","","11/2012","2020-06-30 17:00:15","","01/2013"
"500580101","S","3790","V06","DATSCAN","01/2015","1","01/2015","1","","1","","","02/2015","2020-06-30 17:00:50","","02/2015"
"377650901","S","3542","SC","DATSCAN","12/2012","1","12/2012","1","","1","1","","12/2012","2020-06-25 15:30:49","","12/2012"
"430698001","S","3542","V04","DATSCAN","03/2014","1","03/2014","1","","1","","","03/2014","2020-06-25 15:30:51","","03/2014"
"494961601","S","3542","V06","DATSCAN","01/2015","1","01/2015","1","","1","","","01/2015","2020-06-25 15:30:51","","01/2015"
"627382901","S","3542","V10","DATSCAN","02/2017","1","02/2017","1","","1","","","04/2017","2020-06-25 15:30:53","","04/2017"
"377646101","S","3543","SC","DATSCAN","12/2012","1","12/2012","1","","1","2","","12/2012","2020-05-06 13:35:35","","12/2012"
"374241101","S","4102","SC","DATSCAN","11/2012","1","11/2012","1","","1","1","","11/2012","2020-06-29 14:25:54","","12/2012"
"420675701","S","4102","V04","DATSCAN","12/2013","1","12/2013","1","","1","","","12/2013","2020-06-29 14:25:56","","12/2013"
"485859901","S","4102","V06","DATSCAN","12/2014","1","12/2014","1","","1","","","12/2014","2020-06-29 14:25:56","","12/2014"
"608850201","S","4102","V10","DATSCAN","12/2016","1","12/2016","1","","1","","","12/2016","2020-06-29 14:25:57","","12/2016"
"376470901","S","4104","SC","DATSCAN","12/2012","1","12/2012","1","","1","2","","12/2012","2020-06-29 14:22:43","","01/2013"
"374460801","S","3385","SC","DATSCAN","11/2012","1","11/2012","1","","1","1","","11/2012","2020-05-12 10:24:05","","11/2012"
"437189401","S","3385","V04","DATSCAN","01/2014","1","01/2014","1","","1","","","05/2014","2020-05-12 10:24:07","","05/2014"
"537797101","S","3385","V06","DATSCAN","05/2015","1","05/2015","1","","1","","","09/2015","2020-05-12 10:24:07","","09/2015"
"637360801","S","3385","V10","DATSCAN","12/2016","1","12/2016","1","","1","","","06/2017","2020-05-12 10:24:08","","06/2017"
"378591901","S","3479","SC","DATSCAN","12/2012","1","12/2012","1","","1","2","","12/2012","2020-06-24 19:05:54","","12/2012"
"378900801","S","3590","SC","DATSCAN","11/2012","0","","","","","","","12/2012","2020-02-12 14:57:15","","01/2013"
"378238201","S","3870","SC","DATSCAN","11/2012","1","11/2012","1","","1","1","","12/2012","2020-06-26 18:17:48","","12/2012"
"426138301","S","3870","V04","DATSCAN","01/2014","0","","","","","","","01/2014","2020-06-26 18:17:56","","01/2014"
"477449501","S","3870","V06","DATSCAN","11/2014","1","11/2014","1","","1","","","11/2014","2020-06-26 18:18:01","","11/2014"
"608290201","S","3870","V10","DATSCAN","12/2016","0","","","","","","","12/2016","2020-06-26 18:18:08","","12/2016"
"374712801","S","3832","SC","DATSCAN","11/2012","1","11/2012","1","","1","1","","11/2012","2020-06-26 10:26:25","","12/2012"
"421202801","S","3832","V04","DATSCAN","12/2013","1","12/2013","1","","1","","","12/2013","2020-06-26 10:26:26","","12/2013"
"485538301","S","3832","V06","DATSCAN","11/2014","1","11/2014","1","","1","","","12/2014","2020-06-26 10:26:27","","12/2014"
"606471501","S","3832","V10","DATSCAN","11/2016","1","11/2016","1","","1","","","12/2016","2020-06-26 10:26:28","","12/2016"
"375732601","S","3833","SC","DATSCAN","11/2012","1","11/2012","1","","1","1","","12/2012","2020-02-12 11:33:05","","01/2013"
"375518401","S","4103","SC","DATSCAN","11/2012","1","11/2012","1","","1","1","","11/2012","2020-06-26 14:39:48","","12/2012"
"423622001","S","4103","V04","DATSCAN","01/2014","1","01/2014","1","","1","","","01/2014","2020-06-26 14:39:49","","01/2014"
"499160001","S","4103","V06","DATSCAN","01/2015","1","01/2015","2","1","1","","","01/2015","2020-06-26 14:39:50","","01/2015"
"610106301","S","4103","V10","DATSCAN","12/2016","1","12/2016","1","","1","","","01/2017","2020-06-26 14:39:51","","01/2017"
"377512301","S","4105","SC","DATSCAN","12/2012","1","12/2012","1","","1","2","","12/2012","2020-06-30 09:50:01","","12/2012"
"379551401","S","3635","SC","DATSCAN","12/2012","1","12/2012","1","","1","2","","12/2012","2020-06-26 16:46:15","","12/2012"
"381600801","S","3834","SC","DATSCAN","12/2012","1","12/2012","1","","1","1","","01/2013","2020-06-02 12:20:59","","01/2013"
"428555101","S","3834","V04","DATSCAN","01/2014","1","01/2014","1","","1","","","02/2014","2020-06-02 12:21:01","","02/2014"
"497764101","S","3834","V06","DATSCAN","01/2015","1","01/2015","1","","1","","","01/2015","2020-06-02 12:21:01","","01/2015"
"613382701","S","3834","V10","DATSCAN","01/2017","1","01/2017","1","","1","","","01/2017","2020-06-02 12:21:03","","01/2017"
"379208401","S","3386","SC","DATSCAN","12/2012","1","12/2012","1","","1","1","","12/2012","2020-06-26 14:37:02","","12/2012"
"436850201","S","3386","V04","DATSCAN","02/2014","1","02/2014","1","","1","","","04/2014","2020-06-26 14:37:03","","04/2014"
"535569501","S","3386","V06","DATSCAN","01/2015","1","01/2015","1","","1","","","09/2015","2020-06-26 14:37:04","","09/2015"
"637360301","S","3386","V10","DATSCAN","12/2016","1","12/2016","1","","1","","","06/2017","2020-06-26 14:37:05","","06/2017"
"393496201","S","3387","SC","DATSCAN","12/2012","1","12/2012","1","","1","1","","04/2013","2020-06-26 14:37:20","","04/2013"
"436736101","S","3387","V04","DATSCAN","03/2014","1","03/2014","1","","1","","","04/2014","2020-06-26 14:37:21","","04/2014"
"535625301","S","3387","V06","DATSCAN","04/2015","1","04/2015","1","","1","","","09/2015","2020-06-26 14:37:22","","09/2015"
"637316401","S","3387","V10","DATSCAN","02/2017","1","02/2017","1","1","1","","","06/2017","2020-06-26 14:37:23","","06/2017"
"380336501","S","4066","SC","DATSCAN","12/2012","1","12/2012","1","","1","1","","01/2013","2020-05-12 10:28:11","","01/2013"
"376818001","S","3083","SC","DATSCAN","10/2012","1","10/2012","1","","1","1","","12/2012","2020-06-24 12:33:57","","12/2012"
"421630301","S","3083","V04","DATSCAN","12/2013","1","12/2013","1","","1","","","12/2013","2020-06-24 12:34:19","","12/2013"
"487127901","S","3083","V06","DATSCAN","12/2014","1","12/2014","1","","1","","","12/2014","2020-06-24 12:34:38","","12/2014"
"607329501","S","3083","V10","DATSCAN","12/2016","1","12/2016","1","","1","","","12/2016","2020-06-24 12:35:12","","12/2016"
"376899701","S","3707","SC","DATSCAN","12/2012","1","12/2012","1","","1","1","","12/2012","2020-05-06 13:57:30","","12/2012"
"424812701","S","3707","V04","DATSCAN","01/2014","1","01/2014","1","","1","","","01/2014","2020-05-06 13:57:32","","01/2014"
"377192701","S","4084","SC","DATSCAN","12/2012","0","","","","","","","12/2012","2020-02-19 11:29:44","","03/2013"
"379828301","S","3544","SC","DATSCAN","12/2012","1","12/2012","1","","1","1","","12/2012","2020-06-25 15:31:17","","12/2012"
"755593601","S","3544","V10","DATSCAN","01/2017","1","01/2017","1","1","1","2","1","09/2019","2021-10-13 00:00:00","","09/2019"
"379469801","S","4031","SC","DATSCAN","12/2012","1","12/2012","1","","1","2","","12/2012","2020-06-29 13:58:26","","12/2012"
"499186301","S","4031","V06","DATSCAN","01/2015","1","01/2015","1","","1","2","","01/2015","2020-06-29 13:58:28","","01/2015"
"379163601","S","4067","SC","DATSCAN","12/2012","1","12/2012","1","","1","2","","12/2012","2020-06-30 14:31:16","","12/2012"
"379349001","S","3910","SC","DATSCAN","12/2012","1","12/2012","1","","1","1","","12/2012","2020-06-26 18:43:09","","12/2012"
"427185401","S","3910","V04","DATSCAN","01/2014","1","01/2014","1","","1","","","02/2014","2020-06-26 18:43:17","","02/2014"
"491746901","S","3910","V06","DATSCAN","01/2015","1","01/2015","1","","1","","","01/2015","2020-06-26 18:43:22","","01/2015"
"379846001","S","3663","SC","DATSCAN","12/2012","1","12/2012","1","","1","1","","12/2012","2020-02-12 14:59:10","","12/2012"
"381902901","S","4032","SC","DATSCAN","01/2013","1","01/2013","1","","1","2","","01/2013","2020-06-29 13:58:44","","01/2013"
"378294401","S","3027","SC","DATSCAN","11/2012","1","11/2012","1","","1","1","","12/2012","2020-06-30 09:25:32","","12/2012"
"436824601","S","3027","V04","DATSCAN","03/2014","1","03/2014","1","","1","","","04/2014","2020-06-30 09:25:41","","05/2014"
"513396901","S","3027","ST","DATSCAN","03/2015","1","03/2015","1","","1","","","03/2015","2020-06-30 09:25:48","","03/2015"
"384370201","S","3962","SC","DATSCAN","01/2013","1","01/2013","1","","1","1","","02/2013","2020-01-13 09:02:34","","02/2013"
"383500501","S","3963","SC","DATSCAN","01/2013","1","01/2013","1","","1","1","","01/2013","2020-01-13 10:33:50","","01/2013"
"426669301","S","3963","V04","DATSCAN","01/2014","1","01/2014","1","","1","","","02/2014","2020-05-12 11:00:34","","02/2014"
"509660001","S","3963","V06","DATSCAN","03/2015","1","03/2015","1","","1","","","03/2015","2020-01-13 10:33:53","","03/2015"
"381650601","S","3911","SC","DATSCAN","01/2013","1","01/2013","1","","1","1","","01/2013","2020-06-26 18:43:10","","01/2013"
"424989301","S","3911","ST","DATSCAN","01/2014","1","01/2014","1","","1","","","01/2014","2020-06-26 18:43:17","","01/2014"
"500048501","S","3911","V06","DATSCAN","01/2015","1","01/2015","1","","1","","","02/2015","2020-06-26 18:43:22","","02/2015"
"628545601","S","3911","V10","DATSCAN","02/2017","0","","","","","","","04/2017","2020-06-26 18:43:32","","04/2017"
"383761201","S","3964","SC","DATSCAN","01/2013","1","01/2013","1","","1","1","","01/2013","2020-06-29 10:19:46","","01/2013"
"429524501","S","3964","V04","DATSCAN","02/2014","1","02/2014","1","","1","","","02/2014","2020-06-29 10:19:48","","02/2014"
"528993201","S","3964","V06","DATSCAN","03/2015","0","","","","","","","07/2015","2020-06-29 10:19:48","","07/2015"
"635385601","S","3964","V10","DATSCAN","05/2017","1","05/2017","1","","1","","","05/2017","2020-06-29 10:19:50","","05/2017"
"379410201","S","4106","SC","DATSCAN","12/2012","1","12/2012","1","","1","1","","12/2012","2020-06-29 14:22:11","","01/2013"
"421289301","S","4106","V04","DATSCAN","12/2013","1","12/2013","1","","1","","","12/2013","2020-06-29 14:22:12","","12/2013"
"491804301","S","4106","V06","DATSCAN","12/2014","1","12/2014","1","","1","","","01/2015","2020-06-29 14:22:12","","01/2015"
"608668101","S","4106","V10","DATSCAN","12/2016","1","12/2016","1","","1","","","12/2016","2020-06-29 14:22:13","","12/2016"
"380331301","S","4107","SC","DATSCAN","12/2012","1","12/2012","1","","1","1","","01/2013","2020-01-14 08:47:58","","01/2013"
"428232501","S","4107","V04","DATSCAN","02/2014","1","02/2014","1","","1","","","02/2014","2020-01-14 08:48:00","","02/2014"
"502455901","S","4107","V06","DATSCAN","01/2015","1","01/2015","2","1","1","","","02/2015","2020-01-14 08:48:01","","02/2015"
"614535301","S","4107","V10","DATSCAN","01/2017","1","01/2017","1","","1","","","01/2017","2020-01-14 08:48:02","","01/2017"
"379960301","S","3329","SC","DATSCAN","12/2012","0","","","","","","","01/2013","2014-10-27 09:56:36","","01/2013"
"382884401","S","3480","SC","DATSCAN","01/2013","1","01/2013","1","","1","2","","01/2013","2020-01-14 09:18:24","","01/2013"
"381307701","S","4110","SC","DATSCAN","01/2013","1","01/2013","1","","1","1","","01/2013","2020-01-14 08:54:05","","01/2013"
"430005301","S","4110","V04","DATSCAN","03/2014","1","03/2014","1","","1","","","03/2014","2020-01-14 08:54:07","","03/2014"
"503164301","S","4110","V06","DATSCAN","02/2015","1","02/2015","2","1","1","","","02/2015","2020-01-14 08:54:07","","02/2015"
"615092401","S","4110","V10","DATSCAN","01/2017","1","01/2017","1","","1","","","02/2017","2020-01-14 08:54:09","","02/2017"
"381316201","S","4108","SC","DATSCAN","01/2013","1","01/2013","1","","1","1","","01/2013","2020-06-29 14:21:18","","01/2013"
"424519201","S","4108","V04","DATSCAN","01/2014","1","01/2014","1","","1","","","01/2014","2020-06-29 14:21:19","","01/2014"
"502793701","S","4108","V06","DATSCAN","02/2015","1","02/2015","2","1","1","","","02/2015","2020-06-29 14:21:20","","02/2015"
"615053601","S","4108","V10","DATSCAN","01/2017","1","01/2017","1","","1","","","02/2017","2020-06-29 14:21:21","","02/2017"
"383401001","S","3636","SC","DATSCAN","01/2013","1","01/2013","1","","1","2","","01/2013","2020-06-26 16:46:16","","01/2013"
"382680101","S","3481","SC","DATSCAN","01/2013","1","01/2013","1","","1","1","","01/2013","2020-06-24 19:06:10","","01/2013"
"385252201","S","3965","SC","DATSCAN","02/2013","1","02/2013","1","","1","2","","02/2013","2020-01-13 10:35:31","","02/2013"
"381316601","S","4109","SC","DATSCAN","01/2013","1","01/2013","1","","1","1","","01/2013","2020-04-28 14:44:59","","01/2013"
"424555701","S","4109","V04","DATSCAN","01/2014","1","01/2014","1","","1","","","01/2014","2020-04-28 14:45:00","","01/2014"
"492719301","S","4109","V06","DATSCAN","01/2015","1","01/2015","1","","1","","","01/2015","2020-04-28 14:45:01","","01/2015"
"620275601","S","4109","V10","DATSCAN","02/2017","1","02/2017","1","","1","","","03/2017","2020-04-28 14:45:02","","03/2017"
"385500101","S","3966","SC","DATSCAN","02/2013","1","02/2013","1","","1","2","","02/2013","2020-06-29 10:20:13","","02/2013"
"384369801","S","3967","SC","DATSCAN","01/2013","1","01/2013","1","","1","2","","02/2013","2020-01-13 10:31:52","","02/2013"
"383061701","S","3330","SC","DATSCAN","12/2012","1","12/2012","1","","1","1","","01/2013","2020-01-13 11:20:16","","01/2013"
"383691601","S","3835","SC","DATSCAN","01/2013","1","01/2013","1","","1","1","","01/2013","2020-06-26 10:26:58","","01/2013"
"427368301","S","3835","V04","DATSCAN","01/2014","1","01/2014","1","","1","","","02/2014","2020-06-26 10:26:59","","02/2014"
"502600101","S","3835","V06","DATSCAN","02/2015","1","02/2015","1","","1","","","02/2015","2020-06-26 10:27:00","","02/2015"
"616204301","S","3835","V10","DATSCAN","01/2017","1","01/2017","1","","1","","","02/2017","2020-06-26 10:27:01","","02/2017"
"384288401","S","3234","SC","DATSCAN","01/2013","1","01/2013","1","","1","1","","02/2013","2020-06-26 19:12:36","","02/2013"
"436455701","S","3234","ST","DATSCAN","04/2014","1","04/2014","1","","1","","","04/2014","2020-06-26 19:12:59","","04/2014"
"517192501","S","3234","V06","DATSCAN","04/2015","1","04/2015","1","","1","","","04/2015","2020-06-26 19:13:24","","04/2015"
"622869401","S","3234","V10","DATSCAN","03/2017","1","03/2017","1","","1","","","03/2017","2020-06-26 19:14:08","","03/2017"
"382461201","S","3235","SC","DATSCAN","01/2013","1","01/2013","1","","1","2","","01/2013","2020-02-11 15:14:35","","02/2013"
"384299201","S","3236","SC","DATSCAN","01/2013","1","01/2013","1","","1","1","","02/2013","2020-02-11 15:14:48","","02/2013"
"388160101","S","4034","SC","DATSCAN","02/2013","1","02/2013","1","","1","1","","03/2013","2020-06-29 14:00:09","","03/2013"
"437652301","S","4034","V04","DATSCAN","05/2014","1","05/2014","1","","1","","","05/2014","2020-06-29 14:00:11","","05/2014"
"515532101","S","4034","V06","DATSCAN","04/2015","1","04/2015","1","","1","","","04/2015","2020-06-29 14:00:11","","04/2015"
"625227501","S","4034","V10","DATSCAN","03/2017","1","03/2017","1","","1","","","03/2017","2020-06-29 14:00:13","","03/2017"
"384826301","S","4121","SC","DATSCAN","01/2013","1","01/2013","1","","1","1","","02/2013","2020-01-15 08:55:38","","02/2013"
"439342001","S","4121","V04","DATSCAN","03/2014","1","03/2014","1","","1","","","05/2014","2020-01-15 08:55:40","","05/2014"
"517452101","S","4121","V06","DATSCAN","04/2015","1","04/2015","1","","1","","","04/2015","2020-01-15 08:55:41","","04/2015"
"383818301","S","3836","SC","DATSCAN","01/2013","1","01/2013","1","","1","2","","02/2013","2020-06-26 10:31:08","","02/2013"
"503448101","S","3836","V06","DATSCAN","02/2015","1","02/2015","1","","1","2","","02/2015","2020-06-26 10:31:10","","02/2015"
"384734101","S","3085","SC","DATSCAN","01/2013","1","01/2013","1","","1","2","","02/2013","2020-06-24 12:34:02","","02/2013"
"382951601","S","3791","SC","DATSCAN","01/2013","1","01/2013","1","","1","1","","01/2013","2020-06-30 17:00:18","","02/2013"
"427715101","S","3791","V04","DATSCAN","01/2014","1","01/2014","1","","1","","","02/2014","2020-06-30 17:00:37","","02/2014"
"505535901","S","3791","V06","DATSCAN","02/2015","1","02/2015","1","","0","","","02/2015","2020-06-30 17:00:51","","02/2015"
"637486001","S","3791","V10","DATSCAN","05/2017","1","05/2017","1","","1","","","06/2017","2020-06-30 17:01:16","","06/2017"
"397457801","S","3388","SC","DATSCAN","01/2013","1","01/2013","1","","1","2","","05/2013","2020-02-12 14:51:15","","05/2013"
"385435501","S","4035","SC","DATSCAN","02/2013","1","02/2013","1","","1","1","","02/2013","2020-06-29 14:02:42","","02/2013"
"435164701","S","4035","V04","DATSCAN","04/2014","1","04/2014","1","","1","","","04/2014","2020-06-29 14:02:43","","04/2014"
"508511901","S","4035","V06","DATSCAN","02/2015","1","02/2015","1","","1","","","03/2015","2020-06-29 14:02:44","","03/2015"
"627409201","S","4035","V10","DATSCAN","03/2017","1","03/2017","1","","1","","","04/2017","2020-06-29 14:02:45","","04/2017"
"384775801","S","3792","SC","DATSCAN","01/2013","1","01/2013","1","","1","1","","02/2013","2020-06-30 17:00:20","","03/2013"
"436388501","S","3792","V04","DATSCAN","02/2014","1","02/2014","1","","1","","","04/2014","2020-06-30 17:00:39","","02/2015"
"509543101","S","3792","V06","DATSCAN","02/2015","1","02/2015","1","","1","","","03/2015","2020-06-30 17:00:52","","03/2015"
"756380001","S","3792","V10","DATSCAN","02/2017","1","02/2017","1","1","1","","","09/2019","2020-06-30 17:01:39","","09/2019"
"383094401","S","3708","SC","DATSCAN","01/2013","1","01/2013","1","","1","1","","01/2013","2020-05-06 13:43:27","","02/2013"
"443908101","S","3708","V04","DATSCAN","06/2014","1","06/2014","1","","1","","","06/2014","2020-05-06 13:43:28","","06/2014"
"507657901","S","3708","V06","DATSCAN","02/2015","1","02/2015","1","","1","","","03/2015","2020-05-06 13:43:29","","03/2015"
"624303701","S","3708","V10","DATSCAN","03/2017","1","03/2017","1","","1","","","03/2017","2020-05-06 13:43:30","","03/2017"
"384509401","S","3913","SC","DATSCAN","02/2013","0","","","","","","","02/2013","2020-02-12 11:35:35","","02/2013"
"383198001","S","3237","SC","DATSCAN","01/2013","1","01/2013","1","","1","2","","01/2013","2020-06-26 19:12:35","","02/2013"
"383575001","S","4111","SC","DATSCAN","01/2013","1","01/2013","1","","1","1","","01/2013","2020-06-29 14:20:49","","01/2013"
"427545001","S","4111","V04","DATSCAN","02/2014","1","02/2014","1","","1","","","02/2014","2020-06-29 14:20:50","","02/2014"
"495214101","S","4111","V06","DATSCAN","01/2015","1","01/2015","2","1","1","","","01/2015","2020-06-29 14:20:51","","01/2015"
"620298401","S","4111","V10","DATSCAN","02/2017","1","02/2017","1","","1","","","03/2017","2020-06-29 14:20:52","","03/2017"
"387420601","S","3968","SC","DATSCAN","02/2013","1","02/2013","1","","1","2","","02/2013","2020-06-29 10:21:26","","02/2013"
"387421401","S","3969","SC","DATSCAN","02/2013","1","02/2013","1","","1","2","","02/2013","2020-06-29 10:22:00","","02/2013"
"385459601","S","4033","SC","DATSCAN","02/2013","1","02/2013","1","","1","1","","02/2013","2020-06-29 13:59:12","","02/2013"
"432363301","S","4033","V04","DATSCAN","03/2014","1","03/2014","1","","1","","","03/2014","2020-06-29 13:59:13","","03/2014"
"514649701","S","4033","V06","DATSCAN","03/2015","1","03/2015","1","","1","","","04/2015","2020-06-29 13:59:14","","04/2015"
"622939601","S","4033","V10","DATSCAN","03/2017","1","03/2017","1","","1","","","03/2017","2020-06-29 13:59:15","","03/2017"
"385585601","S","4036","SC","DATSCAN","02/2013","1","02/2013","1","","1","2","","02/2013","2020-01-15 14:05:14","","02/2013"
"386095901","S","4112","SC","DATSCAN","02/2013","1","02/2013","1","","1","1","","02/2013","2020-06-29 14:16:52","","02/2013"
"431624001","S","4112","V04","DATSCAN","03/2014","1","03/2014","1","","1","","","03/2014","2020-06-29 14:16:53","","03/2014"
"513689901","S","4112","V06","DATSCAN","03/2015","1","03/2015","1","","1","","","03/2015","2020-06-29 14:16:54","","03/2015"
"622870801","S","4112","V10","DATSCAN","03/2017","0","","","","","","","03/2017","2020-06-29 14:16:55","","03/2017"
"387548701","S","3664","SC","DATSCAN","01/2013","1","01/2013","1","","1","1","","03/2013","2020-06-26 17:53:30","","03/2013"
"436525301","S","3664","V04","DATSCAN","03/2014","1","03/2014","1","","1","","","04/2014","2020-06-26 17:53:37","","04/2014"
"516355901","S","3664","V06","DATSCAN","01/2015","1","01/2015","1","","1","","","04/2015","2020-06-26 17:53:39","","04/2015"
"629909901","S","3664","V10","DATSCAN","04/2017","1","04/2017","1","","1","","","05/2017","2020-06-26 17:53:47","","05/2017"
"383944801","S","3709","SC","DATSCAN","02/2013","1","02/2013","1","","1","1","","02/2013","2020-06-30 17:03:18","","02/2013"
"444876701","S","3709","V04","DATSCAN","04/2014","0","","","","","","","06/2014","2020-06-30 17:03:19","","06/2014"
"507690901","S","3709","V06","DATSCAN","02/2015","1","02/2015","1","","1","","","03/2015","2020-06-30 17:03:20","","03/2015"
"619499601","S","3709","V10","DATSCAN","02/2017","1","02/2017","1","","1","","","02/2017","2020-06-30 17:03:21","","02/2017"
"387073901","S","3591","SC","DATSCAN","02/2013","1","02/2013","1","","1","1","","02/2013","2020-06-30 12:39:52","","02/2013"
"430919001","S","3591","V04","DATSCAN","03/2014","1","03/2014","1","","1","","","03/2014","2020-06-30 12:39:53","","03/2014"
"514982801","S","3591","V06","DATSCAN","04/2015","1","04/2015","1","","1","","","04/2015","2020-06-30 12:39:54","","04/2015"
"622666701","S","3591","V10","DATSCAN","03/2017","1","03/2017","1","","1","","","03/2017","2020-06-30 12:39:55","","03/2017"
"384989801","S","4122","SC","DATSCAN","02/2013","1","02/2013","1","","1","1","","02/2013","2020-05-04 14:40:42","","02/2013"
"450821001","S","4122","V04","DATSCAN","03/2014","1","03/2014","1","","1","","","08/2014","2020-05-04 14:20:56","","08/2014"
"516869201","S","4122","V06","DATSCAN","04/2015","1","04/2015","1","","1","","","04/2015","2020-05-04 14:09:12","","04/2015"
"388978901","S","3637","SC","DATSCAN","02/2013","1","02/2013","1","","1","2","","03/2013","2020-06-26 16:46:18","","03/2013"
"385683101","S","3331","SC","DATSCAN","01/2013","1","01/2013","1","","1","1","","02/2013","2020-02-11 15:24:17","","02/2013"
"388270101","S","3914","SC","DATSCAN","02/2013","1","02/2013","1","","1","1","","03/2013","2020-06-26 18:43:11","","03/2013"
"434641501","S","3914","V04","DATSCAN","04/2014","1","04/2014","1","","1","","","04/2014","2020-06-26 18:43:18","","04/2014"
"517788501","S","3914","V06","DATSCAN","04/2015","1","04/2015","1","","1","","","04/2015","2020-06-26 18:43:23","","04/2015"
"639894001","S","3914","V10","DATSCAN","04/2017","0","","","","","","","06/2017","2020-06-26 18:43:33","","06/2017"
"387264701","S","3915","SC","DATSCAN","02/2013","1","02/2013","1","","1","2","","02/2013","2020-06-16 13:54:34","","02/2013"
"513518901","S","3915","V06","DATSCAN","03/2015","1","03/2015","1","","1","","","03/2015","2020-06-16 13:54:36","","03/2015"
"391636901","S","4037","SC","DATSCAN","03/2013","1","03/2013","1","","1","1","","03/2013","2020-06-29 14:04:38","","03/2013"
"440040501","S","4037","V04","DATSCAN","05/2014","1","05/2014","1","","1","","","05/2014","2020-06-29 14:04:39","","05/2014"
"523449601","S","4037","V06","DATSCAN","05/2015","0","","","","","","","06/2015","2020-06-29 14:04:40","","06/2015"
"633776101","S","4037","V10","DATSCAN","05/2017","0","","","","","","","05/2017","2020-06-29 14:04:41","","05/2017"
"397087701","S","3389","SC","DATSCAN","02/2013","1","02/2013","1","","1","2","","05/2013","2020-05-05 15:26:32","","05/2013"
"388069801","S","3185","SC","DATSCAN","02/2013","1","02/2013","1","","1","1","","03/2013","2020-06-30 09:48:50","","03/2013"
"431559501","S","3185","V04","DATSCAN","03/2014","1","03/2014","1","","1","","","03/2014","2020-06-30 09:48:51","","03/2014"
"523699301","S","3185","V06","DATSCAN","05/2015","1","05/2015","1","","1","","","06/2015","2020-06-30 09:48:51","","06/2015"
"627957801","S","3185","V10","DATSCAN","04/2017","1","04/2017","1","","1","","","04/2017","2020-06-30 09:48:53","","04/2017"
"391009701","S","3087","SC","DATSCAN","03/2013","1","03/2013","1","","1","2","","03/2013","2020-01-02 13:17:47","","03/2013"
"391059101","S","3086","SC","DATSCAN","03/2013","1","03/2013","1","","1","1","","03/2013","2020-06-24 12:34:07","","03/2013"
"435124601","S","3086","V04","DATSCAN","04/2014","1","04/2014","1","","1","","","04/2014","2020-06-24 12:34:26","","04/2014"
"512920301","S","3086","V06","DATSCAN","03/2015","1","03/2015","1","","1","","","03/2015","2020-06-24 12:34:45","","03/2015"
"621885301","S","3086","V10","DATSCAN","03/2017","1","03/2017","1","","1","","","03/2017","2020-06-24 12:35:15","","03/2017"
"388077601","S","3970","SC","DATSCAN","02/2013","1","02/2013","1","","1","1","","03/2013","2020-06-29 10:22:27","","03/2013"
"433807901","S","3970","V04","DATSCAN","04/2014","1","04/2014","1","","1","","","04/2014","2020-06-29 10:22:28","","04/2014"
"528993401","S","3970","V06","DATSCAN","03/2015","0","","","","","","","07/2015","2020-06-29 10:22:29","","07/2015"
"635274401","S","3970","V10","DATSCAN","05/2017","1","05/2017","1","","1","","","05/2017","2020-06-29 10:22:30","","05/2017"
"386155201","S","4113","SC","DATSCAN","02/2013","1","02/2013","1","","1","1","","02/2013","2020-06-29 14:16:20","","02/2013"
"432013701","S","4113","V04","DATSCAN","03/2014","1","03/2014","1","","1","","","03/2014","2020-06-29 14:16:21","","03/2014"
"506268701","S","4113","V06","DATSCAN","02/2015","1","02/2015","1","","1","","","02/2015","2020-06-29 14:16:22","","02/2015"
"618658001","S","4113","V10","DATSCAN","02/2017","1","02/2017","1","","1","","","02/2017","2020-06-29 14:16:23","","02/2017"
"388410101","S","3186","SC","DATSCAN","03/2013","1","03/2013","1","","1","1","","03/2013","2020-06-26 17:53:31","","03/2013"
"430611801","S","3186","V04","DATSCAN","03/2014","1","03/2014","1","","1","","","03/2014","2020-06-26 17:53:36","","03/2014"
"510044201","S","3186","V06","DATSCAN","03/2015","0","","","","","","","03/2015","2020-06-26 17:53:39","","03/2015"
"633163201","S","3186","V10","DATSCAN","05/2017","1","05/2017","1","","1","","","05/2017","2020-06-26 17:53:47","","05/2017"
"766093001","S","3186","V06","DATSCAN","09/2015","1","09/2015","1","1","1","","","01/2020","2021-10-13 00:00:00","","01/2020"
"386583901","S","3131","SC","DATSCAN","02/2013","1","02/2013","1","","1","1","","02/2013","2020-01-02 13:30:37","","03/2013"
"431472701","S","3131","V04","DATSCAN","03/2014","1","03/2014","1","","1","","","03/2014","2020-01-02 13:30:39","","03/2014"
"510891401","S","3131","V06","DATSCAN","03/2015","1","03/2015","1","","1","","","03/2015","2020-01-02 13:30:39","","03/2015"
"389328601","S","3132","SC","DATSCAN","03/2013","1","03/2013","1","","1","1","","03/2013","2020-06-01 15:25:34","","03/2013"
"433103601","S","3132","V04","DATSCAN","03/2014","1","03/2014","1","","1","","","03/2014","2020-06-01 15:26:38","","03/2014"
"522012001","S","3132","V06","DATSCAN","04/2015","1","04/2015","1","","1","","","05/2015","2020-06-01 15:27:13","","05/2015"
"632309401","S","3132","V10","DATSCAN","05/2017","1","05/2017","1","","1","","","05/2017","2020-06-01 15:28:44","","05/2017"
"386481601","S","4123","SC","DATSCAN","02/2013","1","02/2013","1","","1","1","","02/2013","2020-05-08 14:50:30","","02/2013"
"450847201","S","4123","V04","DATSCAN","03/2014","1","03/2014","1","","1","","","08/2014","2020-05-08 14:49:16","","08/2014"
"512716101","S","4123","V06","DATSCAN","03/2015","1","03/2015","1","","1","","","03/2015","2020-05-08 14:48:37","","04/2015"
"621396401","S","4123","V10","DATSCAN","03/2017","1","03/2017","1","","1","","","03/2017","2020-05-08 14:47:20","","03/2017"
"389053301","S","3133","SC","DATSCAN","03/2013","1","03/2013","1","","1","1","","03/2013","2020-02-12 14:30:26","","03/2013"
"386704101","S","4124","SC","DATSCAN","02/2013","1","02/2013","1","","1","1","","02/2013","2020-05-08 14:56:21","","02/2013"
"451014101","S","4124","V04","DATSCAN","05/2014","1","05/2014","1","","1","","","08/2014","2020-05-08 14:55:14","","08/2014"
"517562401","S","4124","V06","DATSCAN","04/2015","1","04/2015","1","","1","","","04/2015","2020-05-08 14:54:36","","04/2015"
"396847101","S","3390","SC","DATSCAN","02/2013","1","02/2013","1","","1","2","","05/2013","2020-01-13 12:51:53","","05/2013"
"390753301","S","3971","SC","DATSCAN","03/2013","1","03/2013","1","","1","1","","03/2013","2020-02-12 16:03:06","","03/2013"
"390623201","S","3188","SC","DATSCAN","03/2013","1","03/2013","1","","1","2","","03/2013","2020-05-05 15:31:05","","03/2013"
"390660501","S","3189","SC","DATSCAN","03/2013","1","03/2013","1","","1","2","","03/2013","2020-06-30 09:49:16","","03/2013"
"531074301","S","3189","V06","DATSCAN","07/2015","1","07/2015","1","","1","2","","08/2015","2020-06-30 09:49:17","","08/2015"
"387672801","S","3837","SC","DATSCAN","02/2013","1","02/2013","1","","1","1","","03/2013","2020-02-12 11:33:13","","03/2013"
"387663901","S","3710","SC","DATSCAN","02/2013","1","02/2013","1","","1","1","","03/2013","2020-05-05 15:38:14","","03/2013"
"445606301","S","3710","V04","DATSCAN","06/2014","1","06/2014","1","","1","","","06/2014","2020-05-05 15:38:16","","06/2014"
"511988101","S","3710","V06","DATSCAN","03/2015","1","03/2015","1","","1","","","03/2015","2020-05-05 15:38:16","","03/2015"
"632344901","S","3710","V10","DATSCAN","05/2017","1","05/2017","1","","1","","","05/2017","2020-05-05 15:38:17","","05/2017"
"388602501","S","3482","SC","DATSCAN","02/2013","1","02/2013","1","","1","1","","03/2013","2020-06-18 15:38:38","","03/2013"
"433127901","S","3482","V04","DATSCAN","03/2014","1","03/2014","1","","1","","","03/2014","2020-06-18 15:38:40","","03/2014"
"510060801","S","3482","V06","DATSCAN","03/2015","1","03/2015","1","","1","","","03/2015","2020-06-18 15:38:41","","03/2015"
"622238601","S","3482","V10","DATSCAN","03/2017","1","03/2017","1","","1","","","03/2017","2020-06-18 15:38:42","","03/2017"
"388977401","S","3088","SC","DATSCAN","02/2013","1","02/2013","1","","1","1","","03/2013","2020-06-24 12:34:04","","03/2013"
"436141301","S","3088","V04","DATSCAN","04/2014","1","04/2014","1","","1","","","04/2014","2020-06-24 12:34:27","","04/2014"
"510992401","S","3088","V06","DATSCAN","03/2015","1","03/2015","1","","1","","","03/2015","2020-06-24 12:34:44","","03/2015"
"625770901","S","3088","V10","DATSCAN","03/2017","1","03/2017","1","","1","","","04/2017","2020-06-24 12:35:17","","04/2017"
"395723101","S","4125","SC","DATSCAN","02/2013","1","02/2013","1","","1","1","","04/2013","2020-05-08 15:02:27","","04/2013"
"524731501","S","4125","V06","DATSCAN","06/2015","1","06/2015","1","","1","","","06/2015","2020-05-08 15:00:38","","06/2015"
"388577901","S","3793","SC","DATSCAN","02/2013","1","02/2013","1","","1","1","","03/2013","2020-06-30 17:00:23","","03/2013"
"433043201","S","3793","V04","DATSCAN","03/2014","1","03/2014","1","","1","","","03/2014","2020-06-30 17:00:38","","03/2014"
"522188501","S","3793","V06","DATSCAN","03/2015","1","03/2015","1","","1","","","05/2015","2020-06-30 17:00:53","","05/2015"
"629926601","S","3793","V10","DATSCAN","04/2017","1","04/2017","1","","1","","","05/2017","2020-06-30 17:01:16","","05/2017"
"394484401","S","3638","SC","DATSCAN","03/2013","1","03/2013","1","","1","1","","04/2013","2020-06-26 16:46:19","","04/2013"
"498004201","S","3638","U01","DATSCAN","11/2014","1","11/2014","1","","1","","","01/2015","2020-06-26 16:46:35","","01/2015"
"661537901","S","3638","U02","DATSCAN","11/2017","1","11/2017","1","","1","","","11/2017","2020-06-26 16:47:07","","11/2017"
"771837901","S","3638","V06","DATSCAN","04/2015","0","","","","","","","06/2020","2020-06-26 16:47:31","","06/2020"
"771838101","S","3638","V10","DATSCAN","04/2017","0","","","","","","","06/2020","2020-06-26 16:47:31","","06/2020"
"387689301","S","3711","SC","DATSCAN","03/2013","1","03/2013","1","","1","1","","03/2013","2020-06-30 17:03:23","","03/2013"
"443909901","S","3711","V04","DATSCAN","06/2014","1","06/2014","1","","1","","","06/2014","2020-06-30 17:03:24","","06/2014"
"511981901","S","3711","V06","DATSCAN","03/2015","1","03/2015","1","","1","","","03/2015","2020-06-30 17:03:24","","03/2015"
"632168701","S","3711","V10","DATSCAN","04/2017","0","","","","","","","05/2017","2020-06-30 17:03:25","","05/2017"
"389875301","S","4038","SC","DATSCAN","03/2013","1","03/2013","1","","1","1","","03/2013","2020-06-29 14:05:19","","03/2013"
"436925401","S","4038","V04","DATSCAN","04/2014","1","04/2014","1","","1","","","05/2014","2020-06-29 14:05:20","","05/2014"
"517540501","S","4038","V06","DATSCAN","04/2015","1","04/2015","1","","1","","","04/2015","2020-06-29 14:05:21","","04/2015"
"627888101","S","4038","V10","DATSCAN","04/2017","1","04/2017","1","","1","","","04/2017","2020-06-29 14:05:22","","04/2017"
"395054401","S","3794","SC","DATSCAN","04/2013","1","04/2013","1","","1","2","","04/2013","2020-06-30 17:00:26","","04/2013"
"388191401","S","3187","SC","DATSCAN","02/2013","0","","","","","","","03/2013","2020-02-11 15:11:25","","03/2013"
"388041601","S","4069","SC","DATSCAN","01/2013","1","01/2013","1","","1","1","","03/2013","2020-02-12 15:00:30","","06/2013"
"390254501","S","3190","SC","DATSCAN","03/2013","1","03/2013","1","","1","1","","03/2013","2020-06-30 09:49:29","","03/2013"
"446195501","S","3190","V04","DATSCAN","06/2014","1","06/2014","1","","1","","","06/2014","2020-06-30 09:49:31","","06/2014"
"517396001","S","3190","V06","DATSCAN","04/2015","1","04/2015","1","","1","","","04/2015","2020-06-30 09:49:31","","04/2015"
"632310501","S","3190","V10","DATSCAN","05/2017","1","05/2017","1","","1","","","05/2017","2020-06-30 09:49:32","","05/2017"
"389796301","S","4085","SC","DATSCAN","03/2013","0","","","","","","","03/2013","2020-02-19 11:29:46","","03/2013"
"390395901","S","3916","SC","DATSCAN","03/2013","1","03/2013","1","","1","1","","03/2013","2020-06-26 18:43:12","","03/2013"
"433356901","S","3916","ST","DATSCAN","03/2014","1","03/2014","1","","1","","","04/2014","2020-06-26 18:43:18","","04/2014"
"523905101","S","3916","V06","DATSCAN","04/2015","1","04/2015","1","","1","","","06/2015","2020-06-26 18:43:24","","06/2015"
"388133401","S","4136","SC","DATSCAN","02/2013","1","02/2013","1","","1","1","","03/2013","2020-06-30 14:36:18","","06/2013"
"438843501","S","4136","V04","DATSCAN","04/2014","0","","","","","","","05/2014","2020-06-30 14:36:20","","05/2014"
"526387201","S","4136","V06","DATSCAN","03/2015","0","","","","","","","06/2015","2020-06-30 14:36:20","","06/2015"
"392494901","S","4135","SC","DATSCAN","02/2013","1","02/2013","2","1","1","1","","04/2013","2020-05-12 10:28:53","","06/2013"
"428437001","S","4135","V04","DATSCAN","02/2014","1","02/2014","2","1","1","","","02/2014","2020-05-12 10:28:54","","02/2014"
"510832101","S","4135","V06","DATSCAN","03/2015","1","03/2015","2","1","1","","","03/2015","2020-05-12 10:28:55","","03/2015"
"394910801","S","4137","SC","DATSCAN","04/2013","1","04/2013","1","","1","1","","04/2013","2020-02-12 15:01:02","","06/2013"
"389075601","S","4126","SC","DATSCAN","03/2013","1","03/2013","1","","1","1","","03/2013","2020-05-08 15:10:27","","03/2013"
"439423101","S","4126","V04","DATSCAN","04/2014","1","04/2014","1","","1","","","05/2014","2020-05-08 15:08:55","","05/2014"
"517577801","S","4126","V06","DATSCAN","04/2015","1","04/2015","1","","1","","","04/2015","2020-05-08 15:08:10","","04/2015"
"627092301","S","4126","V10","DATSCAN","04/2017","1","04/2017","1","","1","","","04/2017","2020-05-08 15:05:28","","04/2017"
"388593301","S","3838","SC","DATSCAN","03/2013","1","03/2013","1","","1","1","","03/2013","2020-06-26 10:27:33","","03/2013"
"434234601","S","3838","V04","DATSCAN","04/2014","1","04/2014","1","","1","","","04/2014","2020-06-26 10:27:34","","04/2014"
"515954301","S","3838","V06","DATSCAN","03/2015","1","03/2015","1","","1","","","04/2015","2020-06-26 10:27:34","","04/2015"
"631705001","S","3838","V10","DATSCAN","04/2017","1","04/2017","1","","1","","","05/2017","2020-06-26 10:27:36","","05/2017"
"393251101","S","3028","SC","DATSCAN","03/2013","1","03/2013","1","","1","1","","04/2013","2020-06-30 09:25:34","","04/2013"
"446790101","S","3028","V04","DATSCAN","06/2014","1","06/2014","1","","1","","","07/2014","2020-06-30 09:25:42","","07/2014"
"520912001","S","3028","V06","DATSCAN","05/2015","1","05/2015","1","","1","","","05/2015","2020-06-30 09:25:49","","05/2015"
"772165801","S","3028","V10","DATSCAN","04/2017","1","04/2017","2","1","1","","","06/2020","2021-10-13 00:00:00","","06/2020"
"393578501","S","3639","SC","DATSCAN","03/2013","1","03/2013","1","","1","2","","04/2013","2020-02-12 11:23:26","","04/2013"
"388908901","S","4114","SC","DATSCAN","03/2013","1","03/2013","1","","1","1","","03/2013","2020-01-13 14:50:32","","03/2013"
"436109801","S","4114","V04","DATSCAN","04/2014","1","04/2014","1","","1","","","04/2014","2020-01-13 14:50:34","","04/2014"
"520657401","S","4114","V06","DATSCAN","05/2015","1","05/2015","1","","1","","","05/2015","2020-01-13 14:50:35","","05/2015"
"390129301","S","3592","SC","DATSCAN","03/2013","1","03/2013","1","","1","1","","03/2013","2020-06-30 12:40:07","","03/2013"
"438973701","S","3592","V04","DATSCAN","05/2014","1","05/2014","1","","1","","","05/2014","2020-06-30 12:40:09","","05/2014"
"522758901","S","3592","V06","DATSCAN","05/2015","1","05/2015","1","","1","","","05/2015","2020-06-30 12:40:09","","05/2015"
"634777901","S","3592","V10","DATSCAN","05/2017","1","05/2017","1","","1","","","05/2017","2020-06-30 12:40:10","","05/2017"
"389265001","S","4115","SC","DATSCAN","03/2013","1","03/2013","1","","1","1","","03/2013","2020-06-29 14:14:59","","03/2013"
"430663801","S","4115","V04","DATSCAN","03/2014","1","03/2014","1","","1","","","03/2014","2020-06-29 14:15:01","","03/2014"
"512868601","S","4115","V06","DATSCAN","03/2015","1","03/2015","1","","1","","","03/2015","2020-06-29 14:15:01","","03/2015"
"624865501","S","4115","V10","DATSCAN","03/2017","1","03/2017","1","","1","","","03/2017","2020-06-29 14:15:03","","03/2017"
"389801801","S","3665","SC","DATSCAN","03/2013","1","03/2013","1","","1","1","","03/2013","2020-05-12 10:27:26","","03/2013"
"413366301","S","3665","ST","DATSCAN","08/2013","0","","","","","","","10/2013","2020-05-12 10:27:26","","10/2013"
"430030901","S","3665","V04","DATSCAN","02/2014","1","02/2014","1","","1","","","03/2014","2020-05-12 10:27:27","","03/2014"
"514120801","S","3665","V06","DATSCAN","02/2015","1","02/2015","1","","1","","","04/2015","2020-05-12 10:27:28","","04/2015"
"624437801","S","3665","V10","DATSCAN","03/2017","1","03/2017","1","","1","","","03/2017","2020-05-12 10:27:29","","03/2017"
"390095901","S","4116","SC","DATSCAN","03/2013","1","03/2013","1","","1","2","","03/2013","2020-06-29 14:13:59","","03/2013"
"391754301","S","4139","SC","DATSCAN","03/2013","1","03/2013","2","1","1","2","","03/2013","2020-05-12 10:28:25","","06/2013"
"390123601","S","3593","SC","DATSCAN","03/2013","1","03/2013","1","","1","1","","03/2013","2020-06-30 12:40:19","","03/2013"
"436342101","S","3593","V04","DATSCAN","04/2014","1","04/2014","1","","1","","","04/2014","2020-06-30 12:40:20","","04/2014"
"517759301","S","3593","V06","DATSCAN","04/2015","1","04/2015","1","","1","","","04/2015","2020-06-30 12:40:21","","04/2015"
"623334001","S","3593","V10","DATSCAN","03/2017","1","03/2017","1","","1","","","03/2017","2020-06-30 12:40:22","","03/2017"
"390413801","S","4117","SC","DATSCAN","03/2013","1","03/2013","1","","1","1","","03/2013","2020-06-29 14:13:23","","04/2013"
"436664201","S","4117","V04","DATSCAN","04/2014","1","04/2014","1","","1","","","04/2014","2020-06-29 14:13:25","","05/2014"
"517882201","S","4117","V06","DATSCAN","04/2015","1","04/2015","1","","1","","","04/2015","2020-06-29 14:13:25","","04/2015"
"637735701","S","4117","V10","DATSCAN","06/2017","1","06/2017","1","","1","","","06/2017","2020-06-29 14:13:27","","06/2017"
"392644801","S","3972","SC","DATSCAN","04/2013","1","04/2013","1","","1","1","","04/2013","2020-05-05 15:24:16","","04/2013"
"439087201","S","3972","V04","DATSCAN","05/2014","1","05/2014","1","","1","","","05/2014","2020-05-05 15:24:17","","05/2014"
"766537701","S","3972","V06","DATSCAN","07/2015","1","07/2015","1","","1","","","02/2020","2021-10-13 00:00:00","","02/2020"
"397433301","S","3391","SC","DATSCAN","03/2013","1","03/2013","1","","1","2","","05/2013","2020-02-11 15:25:44","","05/2013"
"391661501","S","4127","SC","DATSCAN","03/2013","1","03/2013","1","","1","2","","03/2013","2020-05-08 15:15:03","","03/2013"
"517901001","S","4127","V06","DATSCAN","04/2015","1","04/2015","1","","1","2","","04/2015","2020-05-08 15:13:21","","04/2015"
"391209301","S","3795","SC","DATSCAN","03/2013","1","03/2013","1","","1","1","","03/2013","2020-06-30 17:00:24","","04/2013"
"440675901","S","3795","V04","DATSCAN","04/2014","1","04/2014","1","","1","","","05/2014","2020-06-30 17:00:40","","05/2014"
"522189601","S","3795","V06","DATSCAN","04/2015","1","04/2015","1","","1","","","05/2015","2020-06-30 17:00:53","","05/2015"
"629473201","S","3795","V10","DATSCAN","04/2017","1","04/2017","1","","1","","","04/2017","2020-06-30 17:01:15","","04/2017"
"392372401","S","3332","SC","DATSCAN","03/2013","1","03/2013","1","","1","1","","04/2013","2020-06-09 14:08:26","","04/2013"
"449944301","S","3332","V04","DATSCAN","06/2014","0","","","","","","","07/2014","2020-06-09 14:09:24","","07/2014"
"522972401","S","3332","V06","DATSCAN","05/2015","0","","","","","","","05/2015","2020-06-09 14:09:52","","05/2015"
"634513101","S","3332","V10","DATSCAN","05/2017","0","","","","","","","05/2017","2020-06-09 14:10:55","","05/2017"
"392846101","S","3134","SC","DATSCAN","04/2013","1","04/2013","1","","1","1","","04/2013","2020-06-01 15:31:46","","04/2013"
"438884701","S","3134","V04","DATSCAN","05/2014","1","05/2014","1","","1","","","05/2014","2020-06-01 15:32:48","","05/2014"
"529191801","S","3134","V06","DATSCAN","07/2015","1","07/2015","1","","1","","","07/2015","2020-06-01 15:37:57","","07/2015"
"633669901","S","3134","V10","DATSCAN","04/2017","1","04/2017","1","","1","","","05/2017","2020-06-01 15:39:26","","05/2017"
"393355101","S","3666","SC","DATSCAN","03/2013","1","03/2013","1","1","1","1","","04/2013","2020-06-26 17:53:32","","04/2013"
"435799001","S","3666","V04","DATSCAN","03/2014","1","03/2014","1","","1","","","04/2014","2020-06-26 17:53:37","","04/2014"
"517109001","S","3666","V06","DATSCAN","03/2015","1","03/2015","1","","1","","","04/2015","2020-06-26 17:53:40","","04/2015"
"629908501","S","3666","V10","DATSCAN","04/2017","1","04/2017","1","","1","","","05/2017","2020-06-26 17:53:46","","05/2017"
"395394501","S","3917","SC","DATSCAN","04/2013","1","04/2013","1","","1","2","","04/2013","2020-06-16 13:54:46","","04/2013"
"397392001","S","3392","SC","DATSCAN","04/2013","1","04/2013","1","","1","1","","05/2013","2020-06-26 14:38:29","","05/2013"
"443334301","S","3392","V04","DATSCAN","05/2014","1","05/2014","1","","1","","","06/2014","2020-06-26 14:38:30","","06/2014"
"537518301","S","3392","V06","DATSCAN","04/2015","1","04/2015","1","","1","","","09/2015","2020-06-26 14:38:30","","09/2015"
"673085001","S","3392","V10","DATSCAN","12/2017","1","12/2017","1","","1","","","01/2018","2020-06-26 14:38:31","","01/2018"
"395814801","S","3191","SC","DATSCAN","04/2013","1","04/2013","1","","1","2","","04/2013","2020-06-30 09:49:45","","04/2013"
"396185401","S","3871","SC","DATSCAN","04/2013","1","04/2013","1","","1","2","","05/2013","2020-06-26 18:17:51","","05/2013"
"522721001","S","3871","V06","DATSCAN","04/2015","0","","","","","","","05/2015","2020-06-26 18:18:03","","05/2015"
"596963901","S","3871","V04","DATSCAN","04/2014","1","04/2014","1","","1","2","","10/2016","2020-06-26 18:18:08","","10/2016"
"394333201","S","3089","SC","DATSCAN","04/2013","1","04/2013","1","","1","1","","04/2013","2020-06-24 12:34:09","","04/2013"
"435246201","S","3089","V04","DATSCAN","04/2014","0","","","","","","","04/2014","2020-06-24 12:34:26","","04/2014"
"521997101","S","3089","V06","DATSCAN","05/2015","1","05/2015","1","","1","","","05/2015","2020-06-24 12:34:47","","05/2015"
"634028501","S","3089","V10","DATSCAN","05/2017","1","05/2017","1","","1","","","05/2017","2020-06-24 12:35:18","","05/2017"
"396461501","S","3333","SC","DATSCAN","04/2013","1","04/2013","1","","1","1","","05/2013","2020-06-09 14:14:11","","05/2013"
"450141301","S","3333","V04","DATSCAN","05/2014","0","","","","","","","07/2014","2020-06-09 14:15:11","","07/2014"
"522267401","S","3333","V06","DATSCAN","05/2015","0","","","","","","","05/2015","2020-06-09 14:15:52","","05/2015"
"626104801","S","3333","V10","DATSCAN","04/2017","0","","","","","","","04/2017","2020-06-09 14:16:56","","04/2017"
"394547501","S","3084","SC","DATSCAN","01/2013","0","","","","","","","04/2013","2020-02-11 15:08:10","","04/2013"
"395958701","S","4118","SC","DATSCAN","04/2013","1","04/2013","1","","1","2","","04/2013","2020-06-29 14:12:24","","04/2013"
"395446501","S","3288","SC","DATSCAN","04/2013","1","04/2013","2","1","1","1","","04/2013","2020-05-21 11:52:59","","05/2013"
"397684001","S","3289","SC","DATSCAN","04/2013","1","04/2013","2","1","1","2","","05/2013","2020-02-11 15:17:17","","05/2013"
"395518601","S","3029","SC","DATSCAN","04/2013","1","04/2013","1","","1","2","","04/2013","2020-06-30 09:25:34","","04/2013"
"397590001","S","3290","SC","DATSCAN","04/2013","1","04/2013","2","1","1","2","","05/2013","2020-04-22 13:08:32","","05/2013"
"398037501","S","3668","SC","DATSCAN","04/2013","1","04/2013","1","","1","2","","05/2013","2020-01-16 08:25:15","","05/2013"
"397905901","S","4140","SC","DATSCAN","04/2013","1","04/2013","2","1","1","2","","05/2013","2020-02-12 15:01:21","","06/2013"
"398143201","S","3796","SC","DATSCAN","05/2013","1","05/2013","1","","1","2","","05/2013","2020-01-17 11:00:03","","05/2013"
"447750401","S","40592","SC","DATSCAN","01/2014","1","01/2014","1","","1","1","","07/2014","2020-06-30 17:26:10","","07/2014"
"550397301","S","40592","V06","DATSCAN","01/2016","1","01/2016","1","","1","","","01/2016","2020-06-30 17:26:24","","01/2016"
"679654501","S","40592","V10","DATSCAN","03/2018","1","03/2018","1","","1","1","","03/2018","2020-06-30 17:26:39","","03/2018"
"428947401","S","40800","SC","DATSCAN","02/2014","1","02/2014","2","1","1","3","","02/2014","2020-06-30 16:45:25","","02/2014"
"559203401","S","40800","V06","DATSCAN","03/2016","1","03/2016","2","1","1","3","","03/2016","2020-06-30 16:45:26","","03/2016"
"436181401","S","40586","SC","DATSCAN","04/2014","1","04/2014","1","","1","1","","04/2014","2020-06-24 10:04:37","","05/2014"
"573638101","S","40586","V06","DATSCAN","06/2016","1","06/2016","1","","1","","","06/2016","2020-06-24 10:04:39","","06/2016"
"696539901","S","40586","V10","DATSCAN","07/2018","0","","","","","","","07/2018","2020-06-24 10:04:41","","07/2018"
"562868901","S","40784","V06","DATSCAN","12/2015","1","12/2015","2","1","1","1","","04/2016","2020-06-30 16:38:00","","04/2016"
"678576101","S","40784","V10","DATSCAN","11/2017","0","","","","","","","03/2018","2020-06-30 16:38:01","","03/2018"
"771538501","S","40784","BL","DATSCAN","12/2015","0","","","","","","","05/2020","2021-10-28 00:00:00","","05/2020"
"437142501","S","40882","SC","DATSCAN","03/2014","1","03/2014","2","1","1","","","05/2014","2020-06-30 17:12:44","","05/2014"
"586481601","S","40882","V06","DATSCAN","04/2016","1","04/2016","2","1","1","1","","08/2016","2020-06-30 17:12:46","","08/2016"
"681799601","S","40882","V10","DATSCAN","03/2018","1","03/2018","2","1","1","3","","04/2018","2020-06-30 17:12:47","","04/2018"
"585276601","S","40789","V06","DATSCAN","06/2016","0","","","","","","","08/2016","2020-06-30 16:38:48","","08/2016"
"771538701","S","40789","BL","DATSCAN","08/2015","0","","","","","","","05/2020","2020-06-30 16:38:47","","05/2020"
"434930101","S","40690","SC","DATSCAN","04/2014","1","04/2014","1","","1","1","","04/2014","2020-06-30 17:21:22","","05/2014"
"567520301","S","40690","V06","DATSCAN","04/2016","1","04/2016","1","","1","1","","05/2016","2020-06-30 17:22:01","","05/2016"
"682498501","S","40690","V10","DATSCAN","04/2018","1","04/2018","1","","1","","","04/2018","2020-06-30 17:22:43","","04/2018"
"432817701","S","40560","SC","DATSCAN","03/2014","0","","","","","","","03/2014","2020-06-26 20:04:19","","03/2014"
"470036301","S","40560","SC","DATSCAN","10/2014","1","10/2014","1","","1","1","","10/2014","2021-10-13 00:00:00","","10/2014"
"570630101","S","40560","V06","DATSCAN","05/2016","1","05/2016","1","","1","","","05/2016","2020-06-26 20:54:10","","05/2016"
"434449301","S","40553","SC","DATSCAN","04/2014","1","04/2014","1","","1","1","","04/2014","2020-06-26 20:04:58","","07/2014"
"568548401","S","40553","V06","DATSCAN","05/2016","1","05/2016","1","1","1","1","","05/2016","2020-06-26 20:53:53","","05/2016"
"690390301","S","40553","V10","DATSCAN","05/2018","1","05/2018","1","","1","","","05/2018","2020-06-26 21:06:38","","05/2018"
"515382301","S","40893","SC","DATSCAN","03/2015","1","03/2015","2","1","1","1","","04/2015","2021-10-13 00:00:00","","04/2015"
"568055801","S","40893","V06","DATSCAN","04/2016","1","04/2016","2","1","1","3","","05/2016","2020-06-30 17:14:35","","05/2016"
"709919401","S","40893","V10","DATSCAN","04/2018","1","04/2018","2","1","1","3","","10/2018","2020-06-30 17:14:36","","10/2018"
"436906201","S","40693","SC","DATSCAN","04/2014","1","04/2014","1","","1","1","","05/2014","2020-06-30 17:21:23","","05/2014"
"567529901","S","40693","V06","DATSCAN","04/2016","1","04/2016","1","","1","1","","05/2016","2020-06-30 17:22:02","","05/2016"
"690218001","S","40693","V10","DATSCAN","05/2018","1","05/2018","1","","1","","","05/2018","2020-06-30 17:22:46","","05/2018"
"435111301","S","40916","SC","DATSCAN","03/2014","1","03/2014","2","1","1","","","04/2014","2020-06-30 17:27:50","","04/2014"
"575116301","S","40595","V06","DATSCAN","02/2016","1","02/2016","1","","1","1","","06/2016","2020-06-28 15:55:17","","06/2016"
"612457001","S","40595","SC","DATSCAN","02/2014","1","02/2014","1","","1","1","","01/2017","2020-06-28 15:55:16","","01/2017"
"676106401","S","40595","V10","DATSCAN","01/2018","1","01/2018","1","","1","1","","02/2018","2020-06-28 15:55:19","","02/2018"
"445089401","S","40692","SC","DATSCAN","06/2014","1","06/2014","1","","1","1","","06/2014","2020-06-30 17:21:23","","06/2014"
"577816901","S","40692","V06","DATSCAN","07/2016","1","07/2016","1","","1","1","","07/2016","2020-06-30 17:22:06","","07/2016"
"693226201","S","40692","V10","DATSCAN","06/2018","1","06/2018","1","","1","","","06/2018","2020-06-30 17:22:47","","06/2018"
"436775901","S","40585","SC","DATSCAN","04/2014","0","","","","","","","04/2014","2020-06-26 20:06:03","","04/2014"
"497078301","S","40585","SC","DATSCAN","01/2015","1","01/2015","1","","1","1","","01/2015","2022-03-12 00:00:00","","01/2015"
"577677401","S","40585","V06","DATSCAN","07/2016","1","07/2016","1","","1","","","07/2016","2020-06-26 20:55:52","","07/2016"
"695537901","S","40585","V10","DATSCAN","06/2018","0","","","","","","","06/2018","2020-06-26 21:06:40","","06/2018"
"735490601","S","40585","V10","DATSCAN","04/2019","1","04/2019","1","","1","","","04/2019","2021-10-13 00:00:00","","04/2019"
"438147001","S","40555","SC","DATSCAN","05/2014","1","05/2014","1","","1","1","","05/2014","2020-06-26 20:06:23","","05/2014"
"578924801","S","40555","V06","DATSCAN","07/2016","1","07/2016","1","","1","","","07/2016","2020-06-26 20:55:53","","07/2016"
"693761501","S","40555","V10","DATSCAN","06/2018","1","06/2018","1","","1","","","06/2018","2020-06-26 21:06:39","","06/2018"
"438566401","S","41400","SC","DATSCAN","05/2014","1","05/2014","1","","1","1","","05/2014","2020-06-26 20:06:22","","07/2014"
"573800201","S","41400","V06","DATSCAN","06/2016","1","06/2016","1","","1","","","06/2016","2020-06-26 20:54:51","","06/2016"
"709028201","S","41400","V10","DATSCAN","09/2018","1","09/2018","1","","1","","","09/2018","2020-06-26 21:06:45","","09/2018"
"440290501","S","41401","SC","DATSCAN","05/2014","1","05/2014","1","","1","1","","05/2014","2020-06-26 20:07:03","","07/2014"
"698275501","S","41401","V10","DATSCAN","07/2018","0","","","","","","","07/2018","2020-06-26 21:06:42","","07/2018"
"756713401","S","41401","V06","DATSCAN","07/2016","1","07/2016","1","1","1","1","","10/2019","2020-06-26 21:08:02","","10/2019"
"456118501","S","50192","SC","DATSCAN","05/2014","1","05/2014","1","","1","1","","09/2014","2020-06-26 17:25:30","","09/2014"
"573969601","S","50192","V06","DATSCAN","06/2016","1","06/2016","1","","1","","","06/2016","2020-06-26 17:34:13","","06/2016"
"696588401","S","50192","V10","DATSCAN","07/2018","0","","","","","","","07/2018","2020-06-26 17:42:10","","07/2018"
"441674301","S","41382","SC","DATSCAN","06/2014","1","06/2014","1","","1","1","","06/2014","2020-06-26 20:07:43","","06/2014"
"578893001","S","41382","V06","DATSCAN","07/2016","1","07/2016","1","","1","","","07/2016","2020-06-26 20:55:52","","07/2016"
"696947201","S","41382","V10","DATSCAN","07/2018","0","","","","","","","07/2018","2020-06-26 21:06:41","","07/2018"
"442456701","S","41399","SC","DATSCAN","06/2014","1","06/2014","1","","1","1","","06/2014","2020-06-26 20:07:42","","07/2014"
"577694201","S","41399","V06","DATSCAN","07/2016","1","07/2016","1","","1","","","07/2016","2020-06-26 20:55:51","","07/2016"
"709692101","S","41399","V10","DATSCAN","10/2018","1","10/2018","1","","1","","","10/2018","2020-06-26 21:06:46","","10/2018"
"444872901","S","40691","SC","DATSCAN","06/2014","1","06/2014","1","","1","1","","06/2014","2020-06-30 17:21:24","","06/2014"
"571883901","S","40691","V06","DATSCAN","05/2016","1","05/2016","1","","1","1","","06/2016","2020-06-30 17:22:03","","06/2016"
"691930601","S","40691","V10","DATSCAN","05/2018","1","05/2018","1","","1","","","06/2018","2020-06-30 17:22:47","","06/2018"
"445199701","S","40694","SC","DATSCAN","06/2014","1","06/2014","1","","1","1","","06/2014","2020-06-30 17:21:23","","06/2014"
"577843901","S","40694","V06","DATSCAN","07/2016","1","07/2016","1","","1","1","","07/2016","2020-06-30 17:22:07","","07/2016"
"694260301","S","40694","V10","DATSCAN","06/2018","1","06/2018","1","","1","","","06/2018","2020-06-30 17:22:48","","06/2018"
"446571901","S","40702","SC","DATSCAN","07/2014","1","07/2014","1","","1","1","","07/2014","2020-06-30 17:21:25","","07/2014"
"573989701","S","40702","V06","DATSCAN","06/2016","1","06/2016","1","","1","1","","06/2016","2020-06-30 17:22:04","","06/2016"
"696925601","S","40702","V10","DATSCAN","07/2018","1","07/2018","1","","1","","","07/2018","2020-06-30 17:22:51","","07/2018"
"446726901","S","41405","SC","DATSCAN","07/2014","1","07/2014","1","","1","1","","07/2014","2020-06-26 20:08:43","","07/2014"
"448725201","S","40366","SC","DATSCAN","07/2014","1","07/2014","1","","1","1","","07/2014","2020-06-30 15:09:38","","07/2014"
"597007201","S","40366","V06","DATSCAN","10/2016","1","10/2016","1","","1","","","10/2016","2020-06-30 15:09:40","","10/2016"
"727889501","S","40366","V10","DATSCAN","01/2019","1","01/2019","1","","1","3","","02/2019","2020-06-30 15:09:41","","02/2019"
"471517901","S","40598","SC","DATSCAN","02/2014","1","02/2014","1","","1","2","","11/2014","2021-10-13 00:00:00","","11/2014"
"461049901","S","40599","SC","DATSCAN","03/2014","1","03/2014","1","","1","1","","09/2014","2020-06-28 15:56:55","","09/2014"
"571590901","S","40599","V06","DATSCAN","02/2016","1","02/2016","1","","1","1","","05/2016","2021-10-13 00:00:00","","05/2016"
"679683701","S","40599","V10","DATSCAN","03/2018","1","03/2018","1","","1","1","","03/2018","2020-06-28 15:56:57","","03/2018"
"477578301","S","40603","SC","DATSCAN","04/2014","1","04/2014","1","","1","1","","11/2014","2020-06-28 15:59:05","","11/2014"
"575660301","S","40603","V06","DATSCAN","05/2016","1","05/2016","1","","1","1","","06/2016","2020-06-28 15:59:07","","06/2016"
"694428401","S","40603","V10","DATSCAN","06/2018","1","06/2018","1","","1","1","","06/2018","2020-06-28 15:59:08","","06/2018"
"448610801","S","40704","SC","DATSCAN","07/2014","1","07/2014","1","","1","1","","07/2014","2020-06-30 17:21:27","","07/2014"
"575294701","S","40704","V06","DATSCAN","06/2016","1","06/2016","1","","1","1","","06/2016","2020-06-30 17:22:05","","06/2016"
"694018201","S","40704","V10","DATSCAN","06/2018","1","06/2018","1","","1","","","06/2018","2020-06-30 17:22:48","","06/2018"
"462016301","S","40607","SC","DATSCAN","05/2014","1","05/2014","1","","1","1","","10/2014","2020-06-30 17:26:12","","10/2014"
"604299601","S","40607","V06","DATSCAN","06/2016","1","06/2016","1","","1","1","","11/2016","2020-06-30 17:26:30","","11/2016"
"690718801","S","40607","V10","DATSCAN","04/2018","1","04/2018","1","","1","1","","05/2018","2020-06-30 17:26:40","","05/2018"
"451310401","S","50175","SC","DATSCAN","07/2014","1","07/2014","1","","1","1","","08/2014","2020-06-02 10:07:29","","08/2014"
"582836301","S","50175","V06","DATSCAN","07/2016","1","07/2016","1","","1","","","08/2016","2020-06-02 10:09:06","","08/2016"
"699270501","S","50175","V10","DATSCAN","07/2018","1","07/2018","1","","1","","","07/2018","2020-06-02 10:10:49","","07/2018"
"528762401","S","50509","SC","DATSCAN","08/2014","1","08/2014","1","","1","1","","07/2015","2020-06-24 14:13:32","","07/2015"
"582196701","S","50509","V06","DATSCAN","07/2016","0","","","","","","","08/2016","2020-06-24 14:13:35","","08/2016"
"704018301","S","50509","V10","DATSCAN","08/2018","0","","","","","","","08/2018","2020-06-24 14:13:36","","08/2018"
"449797001","S","50088","SC","DATSCAN","07/2014","1","07/2014","1","","1","1","","07/2014","2020-05-22 09:09:41","","07/2014"
"599916801","S","50088","V06","DATSCAN","11/2016","1","11/2016","1","","1","","","11/2016","2020-05-22 09:12:31","","11/2016"
"450322301","S","40755","SC","DATSCAN","07/2014","1","07/2014","1","","1","1","","07/2014","2020-06-18 15:23:01","","07/2014"
"624838401","S","40755","V06","DATSCAN","02/2017","0","","","","","","","03/2017","2020-06-18 15:23:03","","03/2017"
"710086801","S","40755","V10","DATSCAN","09/2018","0","","","","","","","10/2018","2020-06-18 15:23:04","","10/2018"
"449699401","S","40703","SC","DATSCAN","07/2014","1","07/2014","1","","1","1","","07/2014","2020-06-30 17:21:28","","07/2014"
"579489001","S","40703","V06","DATSCAN","07/2016","1","07/2016","1","","1","1","","07/2016","2020-06-30 17:22:08","","07/2016"
"698404701","S","40703","V10","DATSCAN","07/2018","1","07/2018","1","","1","","","07/2018","2020-06-30 17:22:51","","07/2018"
"451682001","S","40756","SC","DATSCAN","07/2014","1","07/2014","1","","1","1","","08/2014","2020-06-30 17:19:09","","08/2014"
"717154001","S","40756","V10","DATSCAN","10/2018","0","","","","","","","11/2018","2020-06-30 17:20:03","","11/2018"
"453109101","S","40709","SC","DATSCAN","08/2014","1","08/2014","1","","1","1","","08/2014","2020-06-30 17:21:29","","08/2014"
"580991101","S","40709","V06","DATSCAN","07/2016","1","07/2016","1","","1","1","","07/2016","2020-06-30 17:22:08","","07/2016"
"698412301","S","40709","V10","DATSCAN","07/2018","1","07/2018","1","","1","","","07/2018","2020-06-30 17:22:51","","07/2018"
"453596001","S","50028","SC","DATSCAN","08/2014","1","08/2014","1","","1","3","","08/2014","2020-06-26 16:52:05","","08/2014"
"581226101","S","50028","V06","DATSCAN","07/2016","1","07/2016","1","","1","","","07/2016","2020-06-26 16:52:07","","07/2016"
"706562801","S","50028","V10","DATSCAN","08/2018","1","08/2018","1","","1","","","09/2018","2020-06-26 16:52:09","","09/2018"
"453927701","S","40757","SC","DATSCAN","07/2014","1","07/2014","1","","1","1","","08/2014","2020-06-30 17:19:10","","08/2014"
"710066201","S","40757","V10","DATSCAN","08/2018","0","","","","","","","10/2018","2020-06-30 17:20:03","","10/2018"
"454606601","S","41280","SC","DATSCAN","08/2014","1","08/2014","1","","1","3","","08/2014","2020-06-30 17:12:34","","09/2014"
"643148301","S","41280","U01","DATSCAN","06/2017","1","06/2017","1","","1","3","","07/2017","2020-06-30 17:14:05","","07/2017"
"679374801","S","41280","V06","DATSCAN","02/2017","0","","","","","","","03/2018","2020-06-30 17:14:26","","02/2017"
"711371901","S","41280","V10","DATSCAN","10/2018","0","","","","","","","10/2018","2020-06-30 17:14:40","","10/2018"
"455068701","S","40714","SC","DATSCAN","08/2014","1","08/2014","1","","1","1","","09/2014","2020-06-30 17:21:29","","09/2014"
"590399001","S","40714","V06","DATSCAN","09/2016","1","09/2016","1","","1","1","","09/2016","2020-06-30 17:22:10","","09/2016"
"707010101","S","40714","V10","DATSCAN","09/2018","1","09/2018","1","","1","","","09/2018","2020-06-30 17:22:55","","09/2018"
"464461901","S","50086","SC","DATSCAN","09/2014","1","09/2014","1","","1","1","","10/2014","2020-06-30 17:16:54","","10/2014"
"617661801","S","50086","V06","DATSCAN","11/2016","0","","","","","","","02/2017","2020-06-30 17:17:17","","02/2017"
"455068901","S","40707","SC","DATSCAN","09/2014","1","09/2014","1","","1","1","","09/2014","2020-06-30 17:21:29","","09/2014"
"590971801","S","40707","V06","DATSCAN","09/2016","1","09/2016","1","","1","1","","09/2016","2020-06-30 17:22:10","","09/2016"
"709700901","S","40707","V10","DATSCAN","09/2018","1","09/2018","1","","1","","","10/2018","2020-06-30 17:22:56","","10/2018"
"454920601","S","41384","SC","DATSCAN","09/2014","1","09/2014","1","","1","1","","09/2014","2020-06-26 20:10:45","","09/2014"
"597042101","S","41384","V06","DATSCAN","10/2016","1","10/2016","1","","1","","","10/2016","2020-06-26 20:56:52","","10/2016"
"716701601","S","41384","V10","DATSCAN","11/2018","1","11/2018","1","","1","","","11/2018","2020-06-26 21:06:48","","11/2018"
"455302301","S","41380","SC","DATSCAN","09/2014","1","09/2014","1","","1","1","","09/2014","2020-06-26 20:10:44","","09/2014"
"594035601","S","41380","V06","DATSCAN","10/2016","1","10/2016","1","","1","","","10/2016","2020-06-26 20:56:17","","10/2016"
"714400101","S","41380","V10","DATSCAN","10/2018","1","10/2018","1","","1","","","11/2018","2020-06-26 21:06:47","","11/2018"
"455438601","S","41411","SC","DATSCAN","09/2014","1","09/2014","1","","1","1","","09/2014","2020-06-26 20:10:46","","09/2014"
"455968601","S","41412","SC","DATSCAN","09/2014","1","09/2014","1","","1","1","","09/2014","2020-06-26 20:10:46","","09/2014"
"602909401","S","41412","V06","DATSCAN","11/2016","1","11/2016","1","","1","","","11/2016","2020-06-26 20:58:14","","11/2016"
"718599201","S","41412","V10","DATSCAN","11/2018","1","11/2018","1","","1","","","12/2018","2020-06-26 21:06:48","","12/2018"
"620049901","S","41039","SC","DATSCAN","12/2016","1","12/2016","2","1","1","2","","02/2017","2020-02-18 13:56:32","","02/2017"
"457882601","S","41410","SC","DATSCAN","09/2014","1","09/2014","1","","1","1","","09/2014","2020-06-26 20:10:48","","09/2014"
"594805701","S","41410","V06","DATSCAN","10/2016","1","10/2016","1","","1","","","10/2016","2020-06-26 20:56:18","","10/2016"
"732333701","S","41410","V10","DATSCAN","02/2019","1","02/2019","1","","1","","","03/2019","2020-06-26 21:07:47","","03/2019"
"458542901","S","40713","SC","DATSCAN","09/2014","1","09/2014","1","","1","1","","09/2014","2020-06-30 17:21:30","","09/2014"
"591892501","S","40713","V06","DATSCAN","09/2016","1","09/2016","1","","1","1","","09/2016","2020-06-30 17:22:10","","09/2016"
"711936201","S","40713","V10","DATSCAN","10/2018","1","10/2018","1","","1","","","10/2018","2020-06-30 17:22:57","","10/2018"
"458623501","S","40608","SC","DATSCAN","08/2014","1","08/2014","1","","1","1","","09/2014","2020-06-30 17:26:11","","09/2014"
"461673901","S","50546","SC","DATSCAN","09/2014","1","09/2014","1","","1","1","","10/2014","2020-06-30 15:20:35","","10/2014"
"463069301","S","50746","SC","DATSCAN","10/2014","0","","","","","","","10/2014","2020-06-30 17:12:35","","10/2014"
"622115001","S","50746","V06","DATSCAN","03/2017","0","","","","","","","03/2017","2020-06-30 17:13:54","","03/2017"
"719900601","S","50746","V10","DATSCAN","11/2018","0","","","","","","","12/2018","2020-06-30 17:14:50","","12/2018"
"462509301","S","40578","SC","DATSCAN","10/2014","1","10/2014","1","","1","1","","10/2014","2020-06-26 20:12:04","","10/2014"
"608354501","S","40578","V06","DATSCAN","12/2016","1","12/2016","1","","1","1","","12/2016","2020-06-26 20:59:31","","12/2016"
"715083101","S","40578","V10","DATSCAN","11/2018","1","11/2018","1","","1","","","11/2018","2020-06-26 21:06:47","","11/2018"
"465192701","S","41385","SC","DATSCAN","10/2014","0","","","","","","","10/2014","2020-06-26 20:12:05","","10/2014"
"467104301","S","50157","SC","DATSCAN","10/2014","1","10/2014","1","","1","1","","10/2014","2020-06-26 16:52:40","","10/2014"
"599318401","S","50157","V06","DATSCAN","10/2016","1","10/2016","1","","1","","","11/2016","2020-06-26 16:52:42","","11/2016"
"735651201","S","50157","V10","DATSCAN","10/2018","1","10/2018","1","","1","","","04/2019","2020-06-26 16:52:43","","04/2019"
"487788201","S","50829","SC","DATSCAN","10/2014","1","10/2014","1","","1","1","","12/2014","2020-06-26 19:01:56","","12/2014"
"470876301","S","40558","SC","DATSCAN","10/2014","1","10/2014","1","","1","1","","10/2014","2020-06-26 20:13:46","","10/2014"
"474667901","S","41281","SC","DATSCAN","11/2014","1","11/2014","1","","1","3","","11/2014","2020-06-30 17:12:36","","11/2014"
"642002601","S","41281","V06","DATSCAN","06/2017","1","06/2017","1","","1","3","","07/2017","2021-10-13 00:00:00","","07/2017"
"716174001","S","41281","V10","DATSCAN","11/2018","0","","","","","","","11/2018","2020-06-30 17:14:46","","11/2018"
"472872501","S","50319","SC","DATSCAN","11/2014","0","","","","","","","11/2014","2020-06-26 16:53:01","","11/2014"
"613185101","S","50319","V06","DATSCAN","01/2017","1","01/2017","1","","1","","","01/2017","2020-06-26 16:53:03","","01/2017"
"714245001","S","50319","V10","DATSCAN","01/2019","1","01/2019","1","","1","","","11/2018","2020-06-26 16:53:04","","11/2018"
"771613101","S","50319","V04","DATSCAN","07/2016","1","07/2016","1","1","1","","","05/2020","2021-10-13 00:00:00","","05/2020"
"474610501","S","41420","SC","DATSCAN","11/2014","1","11/2014","1","","1","1","","11/2014","2020-06-26 20:13:49","","11/2014"
"611581001","S","41420","V06","DATSCAN","01/2017","1","01/2017","1","","1","","","01/2017","2020-06-26 20:59:34","","01/2017"
"720805101","S","41420","V10","DATSCAN","12/2018","1","12/2018","1","1","1","","","12/2018","2020-06-26 21:06:51","","12/2018"
"475278301","S","41282","SC","DATSCAN","08/2014","1","08/2014","1","","1","1","","11/2014","2020-06-30 17:12:37","","11/2014"
"716200801","S","41282","V10","DATSCAN","11/2018","0","","","","","","","11/2018","2020-06-30 17:14:47","","11/2018"
"492652301","S","50860","SC","DATSCAN","10/2014","1","10/2014","1","","1","1","","01/2015","2020-06-24 19:10:55","","01/2015"
"596491201","S","50860","V06","DATSCAN","10/2016","1","10/2016","1","","1","","","10/2016","2020-06-24 19:10:57","","10/2016"
"712523101","S","50860","V10","DATSCAN","10/2018","1","10/2018","1","1","1","3","","10/2018","2020-06-24 19:10:59","","10/2018"
"495710701","S","40781","SC","DATSCAN","12/2014","1","12/2014","2","1","1","3","","01/2015","2020-06-30 16:37:25","","05/2015"
"620330901","S","40781","V06","DATSCAN","01/2017","1","01/2017","2","1","1","3","","03/2017","2020-06-30 16:37:27","","03/2016"
"731484501","S","40781","V10","DATSCAN","02/2019","1","02/2019","2","1","1","3","","03/2019","2020-06-30 16:37:28","","03/2016"
"480844601","S","50901","SC","DATSCAN","11/2014","0","","","","","","","12/2014","2020-06-30 15:40:15","","12/2014"
"489483701","S","50901","SC","DATSCAN","12/2014","1","12/2014","1","","1","1","","12/2014","2021-10-13 00:00:00","","12/2014"
"610424601","S","50901","V06","DATSCAN","01/2017","1","01/2017","1","","1","","","01/2017","2020-06-30 15:40:17","","01/2017"
"734016801","S","50901","V10","DATSCAN","02/2019","1","02/2019","1","","1","3","","03/2019","2020-06-30 15:40:18","","03/2019"
"481558501","S","40616","SC","DATSCAN","11/2014","1","11/2014","1","","1","1","","12/2014","2020-06-30 17:26:15","","12/2014"
"482077901","S","40760","SC","DATSCAN","11/2014","1","11/2014","1","","1","1","","12/2014","2020-06-30 17:19:13","","12/2014"
"608132101","S","40760","V06","DATSCAN","12/2016","1","12/2016","1","","1","1","","12/2016","2020-06-30 17:19:37","","12/2016"
"732488101","S","40760","V10","DATSCAN","01/2019","0","","","","","","","03/2019","2020-06-30 17:20:08","","03/2019"
"482643901","S","50485","SC","DATSCAN","12/2014","1","12/2014","1","","1","1","","12/2014","2020-06-30 17:16:55","","12/2014"
"725465101","S","50485","V10","DATSCAN","01/2019","0","","","","","","","01/2019","2020-06-30 17:17:38","","01/2019"
"486634501","S","40763","SC","DATSCAN","12/2014","0","","","","","","","12/2014","2020-06-30 17:19:14","","12/2014"
"625486701","S","40763","V06","DATSCAN","03/2017","0","","","","","","","04/2017","2020-06-30 17:19:39","","04/2017"
"513595901","S","41172","SC","DATSCAN","03/2015","1","03/2015","2","1","1","1","","03/2015","2020-06-30 17:28:10","","03/2015"
"636761501","S","41172","V06","DATSCAN","03/2017","0","","","","","","","06/2017","2020-06-30 17:28:58","","06/2017"
"742853601","S","41172","V10","DATSCAN","02/2019","0","","","","","","","06/2019","2020-06-30 17:29:49","","06/2019"
"494655901","S","41287","SC","DATSCAN","02/2015","1","02/2015","1","","1","1","","01/2015","2020-06-30 17:12:39","","01/2015"
"733779101","S","41287","U02","DATSCAN","03/2019","1","03/2019","1","","1","1","","03/2019","2020-06-30 17:14:57","","03/2019"
"642003001","S","41287","V06","DATSCAN","05/2017","1","05/2017","1","","1","1","","07/2017","2021-10-13 00:00:00","","07/2017"
"721129601","S","41287","V10","DATSCAN","12/2018","0","","","","","","","12/2018","2020-06-30 17:14:51","","12/2018"
"771619101","S","41141","BL","DATSCAN","01/2015","0","","","","","","","05/2020","2020-06-26 15:17:07","","05/2020"
"771619701","S","41141","V06","DATSCAN","01/2017","0","","","","","","","05/2020","2020-06-26 15:17:11","","05/2020"
"495623701","S","41288","SC","DATSCAN","11/2015","1","11/2015","1","","1","1","","01/2015","2020-06-30 17:12:40","","01/2015"
"714470801","S","41288","U01","DATSCAN","02/2018","1","02/2018","1","","1","3","","11/2018","2020-06-30 17:14:45","","11/2018"
"727175601","S","41288","V10","DATSCAN","01/2019","0","","","","","","","02/2019","2020-06-30 17:14:55","","02/2019"
"510938101","S","41184","SC","DATSCAN","02/2015","1","01/2015","2","1","1","1","","03/2015","2021-10-13 00:00:00","","03/2015"
"646043401","S","41184","V06","DATSCAN","04/2017","1","04/2017","2","1","1","1","","08/2017","2020-06-30 17:29:02","","08/2017"
"742036001","S","41184","V10","DATSCAN","05/2019","1","05/2019","2","1","1","3","","06/2019","2020-06-30 17:29:49","","06/2019"
"498741901","S","40730","SC","DATSCAN","01/2015","1","01/2015","1","","1","1","","01/2015","2020-06-30 17:11:28","","01/2015"
"625437501","S","40730","V06","DATSCAN","03/2017","1","03/2017","1","","1","","","04/2017","2020-06-30 17:11:36","","04/2017"
"734724501","S","40730","V10","DATSCAN","03/2019","0","","","","","","","04/2019","2020-06-30 17:11:46","","04/2019"
"498766501","S","40731","SC","DATSCAN","01/2015","1","01/2015","1","","1","1","","01/2015","2020-06-30 17:11:29","","01/2015"
"625422801","S","40731","V06","DATSCAN","03/2017","1","03/2017","1","","1","","","04/2017","2020-06-30 17:11:36","","04/2017"
"734964901","S","40731","V10","DATSCAN","03/2019","0","","","","","","","04/2019","2020-06-30 17:11:46","","04/2019"
"509055801","S","41519","SC","DATSCAN","02/2015","1","02/2015","1","","1","1","","03/2015","2020-06-30 17:21:35","","03/2015"
"640070901","S","41519","V06","DATSCAN","02/2017","1","02/2017","1","","1","","","06/2017","2020-06-30 17:22:28","","06/2017"
"729774601","S","41519","V10","DATSCAN","02/2019","1","02/2019","1","","1","","","02/2019","2020-06-30 17:23:04","","02/2019"
"512795901","S","41521","SC","DATSCAN","02/2015","1","02/2015","1","","1","1","","03/2015","2020-06-30 17:21:36","","03/2015"
"617292701","S","41521","V06","DATSCAN","02/2017","1","02/2017","1","","1","1","","02/2017","2020-06-30 17:22:18","","02/2017"
"730533301","S","41521","V10","DATSCAN","02/2019","1","02/2019","1","","1","","","02/2019","2020-06-30 17:23:05","","02/2019"
"507338801","S","41289","SC","DATSCAN","02/2015","0","","","","","","","03/2015","2020-06-30 17:12:44","","03/2015"
"729906201","S","41289","V10","DATSCAN","02/2019","0","","","","","","","02/2019","2020-06-30 17:14:56","","02/2019"
"771523601","S","41289","SC","DATSCAN","06/2015","1","06/2015","1","","1","1","","05/2020","2021-10-13 00:00:00","","05/2020"
"507363801","S","41508","SC","DATSCAN","02/2015","1","02/2015","1","","1","1","","03/2015","2020-06-26 20:22:16","","03/2015"
"623265201","S","41508","V06","DATSCAN","03/2017","1","03/2017","1","","1","1","","03/2017","2020-06-26 21:00:40","","03/2017"
"741115301","S","41508","V10","DATSCAN","07/2019","1","07/2019","1","","1","","","05/2019","2020-06-26 21:07:53","","05/2019"
"509956901","S","41285","SC","DATSCAN","01/2015","0","","","","","","","03/2015","2020-06-30 17:12:45","","03/2015"
"511653301","S","51186","SC","DATSCAN","03/2015","1","03/2015","1","","1","1","","03/2015","2020-05-22 10:17:39","","03/2015"
"648618601","S","51186","V06","DATSCAN","07/2017","1","07/2017","1","","1","3","","08/2017","2020-05-22 10:19:53","","08/2017"
"740511901","S","51186","V10","DATSCAN","05/2019","0","","","","","","","05/2019","2020-05-22 10:22:22","","05/2019"
"513488101","S","40671","SC","DATSCAN","03/2015","1","03/2015","1","1","1","1","","03/2015","2020-06-26 18:46:04","","03/2015"
"647053201","S","40671","V06","DATSCAN","03/2017","0","","","","","","","08/2017","2020-06-26 18:46:06","","08/2017"
"746281601","S","40671","V10","DATSCAN","06/2019","0","","","","","","","07/2019","2020-06-26 18:46:07","","07/2019"
"520874701","S","41522","SC","DATSCAN","05/2015","1","05/2015","1","","1","1","","05/2015","2020-06-30 17:21:39","","05/2015"
"635522001","S","41522","V06","DATSCAN","05/2017","1","05/2017","1","","1","","","05/2017","2020-06-30 17:22:25","","05/2017"
"745050601","S","41522","V10","DATSCAN","06/2019","1","06/2019","1","","1","","","06/2019","2020-06-30 17:23:10","","06/2019"
"524895701","S","41247","SC","DATSCAN","03/2015","0","","","","","","","06/2015","2020-02-18 13:58:20","","06/2015"
"516445201","S","51440","SC","DATSCAN","04/2015","1","04/2015","1","","1","1","","04/2015","2020-06-30 12:47:29","","04/2015"
"632872401","S","51440","V06","DATSCAN","05/2017","1","05/2017","1","","1","","","05/2017","2020-06-30 13:54:29","","05/2017"
"746578801","S","51440","V10","DATSCAN","06/2019","1","06/2019","1","","1","3","","07/2019","2020-06-30 13:57:38","","07/2019"
"517522001","S","41568","SC","DATSCAN","04/2015","1","04/2015","1","","1","1","","04/2015","2020-06-24 10:06:18","","04/2015"
"640536301","S","41568","V06","DATSCAN","06/2017","0","","","","","","","06/2017","2020-06-24 10:06:20","","06/2017"
"742960401","S","41568","V10","DATSCAN","05/2019","1","05/2019","1","","1","","","06/2019","2020-06-24 10:06:21","","06/2019"
"521797901","S","40733","SC","DATSCAN","05/2015","1","05/2015","1","","1","1","","05/2015","2020-06-23 16:31:03","","05/2015"
"639883101","S","40733","V06","DATSCAN","06/2017","1","06/2017","1","","1","3","","06/2017","2020-06-23 16:31:06","","06/2017"
"743201301","S","40733","V10","DATSCAN","06/2019","0","","","","","","","06/2019","2020-06-23 16:31:07","","06/2019"
"518036701","S","41291","SC","DATSCAN","04/2015","0","","","","","","","04/2015","2020-06-30 17:12:46","","04/2015"
"518033901","S","41578","SC","DATSCAN","04/2015","1","04/2015","1","","1","2","","04/2015","2020-06-24 10:07:18","","04/2015"
"636965701","S","41578","V06","DATSCAN","05/2017","1","05/2017","1","","1","","","06/2017","2020-06-24 10:07:20","","06/2017"
"746396201","S","41578","V10","DATSCAN","05/2019","1","05/2019","1","","1","","","07/2019","2020-06-24 10:07:21","","07/2019"
"523248701","S","41486","SC","DATSCAN","05/2015","1","05/2015","1","","1","1","","06/2015","2020-06-26 15:27:07","","06/2015"
"642129501","S","41486","V06","DATSCAN","07/2017","1","07/2017","1","","1","","","07/2017","2020-06-26 15:27:09","","07/2017"
"750135701","S","41486","V10","DATSCAN","07/2019","1","07/2019","1","","1","3","","07/2019","2020-06-26 15:27:11","","09/2019"
"445884201","S","40754","SC","DATSCAN","06/2014","1","06/2014","1","","1","1","","06/2014","2020-06-30 17:19:08","","07/2014"
"595056801","S","40754","V06","DATSCAN","10/2016","1","10/2016","1","","1","1","","10/2016","2020-06-30 17:19:34","","10/2016"
"698292601","S","40754","V10","DATSCAN","06/2018","0","","","","","","","07/2018","2020-06-30 17:19:57","","07/2018"
"524010401","S","41294","SC","DATSCAN","06/2015","0","","","","","","","06/2015","2020-06-30 17:12:48","","06/2015"
"644473901","S","41294","V06","DATSCAN","07/2017","0","","","","","","","07/2017","2020-06-30 17:14:06","","07/2017"
"524727601","S","40772","SC","DATSCAN","05/2015","1","05/2015","1","","1","1","","06/2015","2020-06-23 16:34:57","","06/2015"
"669898801","S","40772","V06","DATSCAN","11/2017","0","","","","","","","01/2018","2020-06-23 16:34:59","","01/2018"
"524747401","S","40771","SC","DATSCAN","06/2015","1","06/2015","1","","1","1","","06/2015","2020-06-30 17:19:17","","06/2015"
"640096601","S","40771","V06","DATSCAN","06/2017","0","","","","","","","06/2017","2020-06-30 17:19:43","","06/2017"
"525685601","S","50983","SC","DATSCAN","05/2015","1","05/2015","2","1","1","1","","06/2015","2020-06-30 17:28:13","","06/2015"
"646919201","S","50983","V06","DATSCAN","04/2017","1","04/2017","2","1","1","1","","08/2017","2020-06-30 17:29:03","","08/2017"
"525428201","S","51252","SC","DATSCAN","06/2015","1","06/2015","1","","1","1","","06/2015","2020-06-25 16:20:34","","06/2015"
"642648601","S","51252","V06","DATSCAN","07/2017","1","07/2017","1","","1","","","07/2017","2020-06-25 16:46:46","","07/2017"
"750968301","S","51252","V10","DATSCAN","07/2019","1","07/2019","1","","1","3","","07/2019","2020-06-25 17:15:04","","07/2019"
"526322701","S","41293","SC","DATSCAN","07/2015","1","07/2015","1","","1","1","","06/2015","2020-06-23 16:32:15","","06/2015"
"638549101","S","41293","V06","DATSCAN","07/2017","1","07/2017","1","","1","1","","06/2017","2020-06-23 16:32:17","","06/2017"
"740882701","S","41293","V10","DATSCAN","05/2019","0","","","","","","","05/2019","2020-06-23 16:32:19","","05/2019"
"526789501","S","41295","SC","DATSCAN","06/2015","0","","","","","","","07/2015","2020-06-30 17:12:49","","07/2015"
"639676101","S","41295","V06","DATSCAN","06/2017","0","","","","","","","06/2017","2020-06-30 17:14:03","","06/2017"
"531794901","S","50621","SC","DATSCAN","03/2015","1","03/2015","1","","1","1","","08/2015","2020-06-24 19:10:14","","08/2015"
"641839601","S","50621","V06","DATSCAN","06/2017","1","06/2017","1","","1","","","07/2017","2020-06-24 19:10:16","","07/2017"
"743163101","S","50621","V10","DATSCAN","06/2019","1","06/2019","1","","1","","","06/2019","2020-06-24 19:10:17","","06/2019"
"531714601","S","51544","SC","DATSCAN","07/2015","1","07/2015","1","","1","1","","08/2015","2020-06-29 15:34:33","","08/2015"
"597609701","S","50586","SC","DATSCAN","06/2015","1","06/2015","1","","1","3","","10/2016","2021-10-13 00:00:00","","10/2016"
"530325901","S","51625","SC","DATSCAN","07/2015","1","07/2015","1","","1","1","","08/2015","2020-06-25 16:20:52","","08/2015"
"648327701","S","51625","V06","DATSCAN","08/2017","1","08/2017","1","","1","","","08/2017","2020-06-25 16:49:09","","08/2017"
"754001601","S","51625","V10","DATSCAN","08/2019","1","08/2019","1","","1","3","","09/2019","2020-06-25 17:15:05","","09/2019"
"530468401","S","40769","SC","DATSCAN","06/2015","0","","","","","","","08/2015","2020-06-30 17:19:19","","08/2015"
"558893501","S","40338","SC","DATSCAN","10/2015","1","10/2015","1","","1","1","","03/2016","2020-06-16 16:37:35","","03/2016"
"670060401","S","40338","V06","DATSCAN","11/2017","1","11/2017","1","","1","","","01/2018","2020-06-16 16:48:02","","02/2018"
"765212201","S","40338","V10","DATSCAN","12/2019","1","12/2019","1","1","1","","","01/2020","2020-06-16 16:48:20","","01/2020"
"534074201","S","51731","SC","DATSCAN","08/2015","1","08/2015","1","","1","1","","09/2015","2020-06-30 15:44:57","","09/2015"
"667792001","S","51731","V06","DATSCAN","12/2017","1","12/2017","1","","1","3","","12/2017","2020-06-30 15:44:59","","12/2017"
"759323801","S","51731","V10","DATSCAN","10/2019","1","10/2019","1","","1","3","","11/2019","2020-06-30 15:45:00","","11/2019"
"536605301","S","41664","SC","DATSCAN","09/2015","1","09/2015","2","1","1","3","","09/2015","2020-06-30 17:28:16","","09/2015"
"664593201","S","41664","V06","DATSCAN","10/2017","1","10/2017","2","1","1","3","","11/2017","2021-10-13 00:00:00","","11/2017"
"770242401","S","41664","V10","DATSCAN","10/2019","0","","","","","","","04/2020","2020-06-30 17:29:57","","04/2020"
"537111301","S","40163","SC","DATSCAN","08/2015","0","","","","","","","09/2015","2020-06-24 09:29:36","","09/2015"
"539883101","S","51632","SC","DATSCAN","10/2015","1","10/2015","1","","1","1","","10/2015","2020-06-30 17:24:57","","10/2015"
"664681501","S","51632","V06","DATSCAN","11/2017","1","11/2017","1","","1","","","11/2017","2020-06-30 17:25:09","","11/2017"
"762813001","S","51632","V10","DATSCAN","12/2019","1","12/2019","1","","1","3","","12/2019","2020-06-30 17:25:21","","12/2019"
"800000016","S","41302","SC","DATSCAN","","1","11/2015","1","1","1","1","","10/2021","2021-10-13 00:00:00","",""
"536410601","S","40273","SC","DATSCAN","09/2015","1","09/2015","1","","1","1","","09/2015","2020-06-30 12:49:29","","09/2015"
"542886301","S","51551","SC","DATSCAN","09/2015","1","09/2015","1","","1","1","","11/2015","2020-06-29 15:35:11","","11/2015"
"664004901","S","51551","V06","DATSCAN","10/2017","1","10/2017","1","","1","3","","11/2017","2020-06-29 15:35:13","","11/2017"
"762690301","S","51551","V10","DATSCAN","11/2019","1","11/2019","1","","1","","","12/2019","2020-06-29 15:35:14","","12/2019"
"537726801","S","41305","SC","DATSCAN","07/2015","0","","","","","","","09/2015","2020-06-30 17:12:56","","09/2015"
"658901301","S","41305","V06","DATSCAN","10/2017","0","","","","","","","10/2017","2020-06-30 17:14:09","","10/2017"
"743450801","S","41305","V10","DATSCAN","06/2019","0","","","","","","","06/2019","2020-06-30 17:15:03","","06/2019"
"539307801","S","41314","SC","DATSCAN","08/2015","0","","","","","","","10/2015","2020-06-30 17:12:58","","10/2015"
"541392801","S","41488","SC","DATSCAN","08/2015","1","08/2015","1","","1","1","","10/2015","2020-06-24 09:39:59","","10/2015"
"649967101","S","41488","V06","DATSCAN","08/2017","0","","","","","","","08/2017","2020-06-24 09:40:01","","08/2017"
"539798401","S","41967","SC","DATSCAN","10/2015","1","10/2015","1","","1","1","","10/2015","2020-06-24 10:08:08","","11/2015"
"540112101","S","52678","SC","DATSCAN","10/2015","1","10/2015","1","","1","1","","10/2015","2020-06-02 10:43:03","","10/2015"
"664123601","S","52678","V06","DATSCAN","11/2017","1","11/2017","1","","1","3","","11/2017","2020-06-02 10:44:50","","11/2017"
"764728101","S","52678","V10","DATSCAN","01/2020","1","01/2020","1","","1","","","01/2020","2020-06-02 10:46:19","","01/2020"
"540785101","S","40774","SC","DATSCAN","10/2015","1","10/2015","1","","1","1","","10/2015","2020-06-30 17:19:21","","11/2015"
"541406501","S","40775","SC","DATSCAN","10/2015","0","","","","","","","10/2015","2020-06-30 17:19:21","","11/2015"
"754983201","S","40775","V10","DATSCAN","08/2019","0","","","","","","","09/2019","2020-06-30 17:20:15","","09/2019"
"541646801","S","51844","SC","DATSCAN","10/2015","1","10/2015","1","","1","1","","10/2015","2020-06-25 16:26:16","","11/2015"
"690475401","S","51844","V06","DATSCAN","05/2018","1","05/2018","1","","1","","","05/2018","2020-06-25 17:02:24","","05/2018"
"769312901","S","51844","V10","DATSCAN","03/2020","0","","","","","","","03/2020","2020-06-25 17:15:20","","03/2020"
"544337701","S","40776","SC","DATSCAN","11/2015","1","11/2015","1","","1","1","","11/2015","2020-06-30 17:19:22","","11/2015"
"667797901","S","40776","V06","DATSCAN","12/2017","1","12/2017","1","","1","1","","12/2017","2020-06-30 17:19:48","","12/2017"
"763050401","S","40776","V10","DATSCAN","11/2019","0","","","","","","","12/2019","2020-06-30 17:20:18","","12/2019"
"545233801","S","52062","SC","DATSCAN","11/2015","1","11/2015","2","1","1","1","","11/2015","2020-06-30 12:50:55","","11/2015"
"667830001","S","52062","V06","DATSCAN","12/2017","1","12/2017","1","","1","","","12/2017","2020-06-30 13:55:25","","12/2017"
"765868701","S","52062","V10","DATSCAN","01/2020","1","01/2020","1","1","1","3","","01/2020","2020-06-30 13:58:17","","01/2020"
"545835101","S","40778","SC","DATSCAN","12/2015","0","","","","","","","12/2015","2020-06-30 17:19:24","","12/2015"
"635161001","S","40778","V04","DATSCAN","05/2017","1","05/2017","1","","1","1","","05/2017","2020-06-30 17:19:42","","05/2017"
"695250701","S","40778","V06","DATSCAN","01/2018","0","","","","","","","06/2018","2020-06-30 17:19:55","","06/2018"
"769518301","S","40778","V10","DATSCAN","11/2019","0","","","","","","","03/2020","2020-03-24 11:39:08","","03/2020"
"624312001","S","42164","SC","DATSCAN","03/2017","1","03/2017","1","","1","1","","03/2017","2020-06-30 17:22:21","","03/2017"
"738410801","S","42164","V06","DATSCAN","03/2019","1","03/2019","1","","1","","","05/2019","2020-06-30 17:23:07","","05/2019"
"548634301","S","42171","SC","DATSCAN","12/2015","1","12/2015","1","","1","3","","12/2015","2020-06-26 18:03:44","","12/2015"
"667172401","S","42171","V06","DATSCAN","01/2018","1","01/2018","1","","1","","","12/2017","2020-06-26 18:03:46","","12/2017"
"764046201","S","42171","V10","DATSCAN","12/2019","1","12/2019","1","1","1","1","","01/2020","2020-06-26 18:03:47","","01/2020"
"767637301","S","52128","V10","DATSCAN","02/2020","0","","","","","","","02/2020","2020-06-29 09:03:40","","02/2020"
"549000801","S","52128","SC","DATSCAN","12/2015","1","12/2015","1","","1","1","","01/2016","2020-06-29 09:03:37","","01/2016"
"771619901","S","52128","V06","DATSCAN","01/2018","0","","","","","","","05/2020","2020-06-29 09:03:38","","05/2020"
"548378801","S","40777","SC","DATSCAN","12/2015","0","","","","","","","12/2015","2020-06-23 16:35:16","","12/2015"
"683101901","S","40777","V06","DATSCAN","04/2018","0","","","","","","","04/2018","2020-06-23 16:35:19","","04/2018"
"551848001","S","42172","SC","DATSCAN","01/2016","1","01/2016","1","","1","1","","01/2016","2020-06-26 18:04:04","","01/2016"
"622316401","S","42172","PW","DATSCAN","03/2017","1","03/2017","1","","0","","","03/2017","2020-06-26 18:04:04","","03/2017"
"552551701","S","52146","SC","DATSCAN","01/2016","1","01/2016","1","","1","1","","02/2016","2020-06-24 19:16:40","","02/2016"
"681607201","S","52146","V06","DATSCAN","03/2018","1","03/2018","1","","1","","","04/2018","2020-06-24 19:16:42","","04/2018"
"770480101","S","52146","V10","DATSCAN","03/2020","1","03/2020","1","","1","","","04/2020","2020-06-24 19:16:44","","04/2020"
"553166801","S","52530","SC","DATSCAN","02/2016","1","02/2016","1","","1","1","","02/2016","2020-06-30 12:56:16","","02/2016"
"675852001","S","52530","V06","DATSCAN","02/2018","1","02/2018","1","","1","3","","02/2018","2020-06-30 13:55:40","","02/2018"
"764428001","S","52530","V10","DATSCAN","01/2020","1","01/2020","1","1","1","3","","01/2020","2020-06-30 13:58:15","","01/2020"
"555689001","S","53339","SC","DATSCAN","02/2016","1","02/2016","1","","1","1","","02/2016","2020-06-29 09:07:08","","02/2016"
"678043701","S","53339","V06","DATSCAN","02/2018","1","02/2018","1","","1","3","","03/2018","2020-06-29 09:07:10","","03/2018"
"767939301","S","53339","V10","DATSCAN","02/2020","0","","","","","","","02/2020","2020-06-29 09:07:11","","02/2020"
"557490701","S","50044","SC","DATSCAN","02/2016","1","02/2016","1","","1","1","","03/2016","2020-06-24 09:31:19","","03/2016"
"675914701","S","50044","V06","DATSCAN","02/2018","1","02/2018","1","","1","3","","02/2018","2020-06-24 09:31:22","","02/2018"
"766568301","S","50044","V10","DATSCAN","02/2020","1","02/2020","1","1","1","","","02/2020","2020-06-24 09:31:23","","02/2020"
"558712001","S","53988","SC","DATSCAN","02/2016","1","02/2016","1","","1","1","","03/2016","2020-06-30 13:01:00","","03/2016"
"678650101","S","53988","V06","DATSCAN","03/2018","1","03/2018","1","","1","","","03/2018","2020-06-30 13:55:43","","03/2018"
"768737001","S","53988","V10","DATSCAN","02/2020","1","02/2020","1","1","1","3","","03/2020","2020-06-30 13:58:22","","03/2020"
"558580601","S","40012","SC","DATSCAN","02/2016","1","02/2016","1","","1","1","","03/2016","2020-06-25 16:28:12","","03/2016"
"559098001","S","41375","SC","DATSCAN","02/2016","0","","","","","","","03/2016","2020-06-23 16:33:39","","03/2016"
"677919901","S","41375","V06","DATSCAN","02/2018","0","","","","","","","03/2018","2020-06-23 16:33:41","","03/2018"
"560411201","S","54144","SC","DATSCAN","03/2016","1","03/2016","1","","1","2","","03/2016","2020-06-30 13:03:46","","03/2016"
"766720401","S","54144","V10","DATSCAN","02/2020","1","02/2020","1","","1","3","","02/2020","2020-06-30 13:58:18","","02/2020"
"677818901","S","54144","V06","DATSCAN","02/2018","1","02/2018","1","","1","3","","03/2018","2020-06-30 13:55:41","","03/2018"
"560854301","S","41430","SC","DATSCAN","03/2016","1","03/2016","1","","1","1","","03/2016","2020-06-30 17:19:26","","03/2016"
"561484101","S","40779","SC","DATSCAN","03/2016","1","03/2016","1","","1","1","","03/2016","2020-06-30 17:19:27","","03/2016"
"695813101","S","40779","V06","DATSCAN","06/2018","0","","","","","","","06/2018","2020-06-30 17:19:55","","06/2018"
"561835601","S","42308","SC","DATSCAN","03/2016","0","","","","","","","03/2016","2020-06-30 17:13:05","","03/2016"
"678096601","S","42308","V06","DATSCAN","03/2018","0","","","","","","","03/2018","2020-06-30 17:14:25","","03/2018"
"564013201","S","51800","SC","DATSCAN","04/2016","1","04/2016","1","","1","2","","04/2016","2020-06-30 13:05:06","","04/2016"
"565871101","S","42293","SC","DATSCAN","02/2016","0","","","","","","","04/2016","2020-06-30 17:13:08","","04/2016"
"565060401","S","41985","SC","DATSCAN","04/2016","1","04/2016","1","","1","1","","04/2016","2020-06-24 10:09:38","","04/2016"
"693032201","S","41985","V06","DATSCAN","06/2018","0","","","","","","","06/2018","2020-06-24 10:09:40","","06/2018"
"619005901","S","42264","SC","DATSCAN","11/2016","1","11/2016","1","","1","1","","02/2017","2020-06-30 17:22:19","","02/2017"
"565447801","S","41989","SC","DATSCAN","04/2016","1","04/2016","1","","1","1","","04/2016","2020-06-24 10:10:28","","04/2016"
"693779301","S","41989","V06","DATSCAN","06/2018","1","06/2018","1","","1","","","06/2018","2020-06-24 10:10:30","","06/2018"
"567021301","S","40806","SC","DATSCAN","04/2016","1","04/2016","2","1","1","1","","05/2016","2020-06-30 16:49:46","","05/2016"
"698204901","S","40806","V06","DATSCAN","04/2018","0","","","","","","","07/2018","2020-06-30 16:49:48","","07/2018"
"570033601","S","53600","SC","DATSCAN","05/2016","1","05/2016","1","","1","1","","05/2016","2020-06-29 16:26:15","","06/2016"
"696342101","S","53600","V06","DATSCAN","06/2018","1","06/2018","1","","1","","","07/2018","2020-06-29 16:26:17","","07/2018"
"573393701","S","54197","SC","DATSCAN","05/2016","1","05/2016","1","","1","1","","06/2016","2020-06-29 16:57:41","","06/2016"
"692087301","S","54197","V06","DATSCAN","05/2018","1","05/2018","1","","1","1","","06/2018","2020-06-29 16:57:44","","06/2018"
"574028401","S","54265","SC","DATSCAN","05/2016","1","05/2016","1","","1","1","","06/2016","2020-06-18 14:38:44","","06/2016"
"688479101","S","54265","V06","DATSCAN","05/2018","1","05/2018","1","","1","3","","05/2018","2020-06-18 14:38:46","","05/2018"
"571086601","S","41432","SC","DATSCAN","05/2016","0","","","","","","","05/2016","2020-06-30 17:19:29","","05/2016"
"574140701","S","41679","SC","DATSCAN","09/2015","0","","","","","","","06/2016","2020-02-18 13:59:38","","06/2016"
"579847801","S","55615","SC","DATSCAN","06/2016","1","06/2016","1","","1","1","","07/2016","2020-06-30 13:28:41","","07/2016"
"702758801","S","55615","V06","DATSCAN","07/2018","1","07/2018","1","","1","3","","08/2018","2020-06-30 13:56:27","","08/2018"
"574541301","S","53595","SC","DATSCAN","06/2016","1","06/2016","1","","1","","","06/2016","2020-06-29 16:25:29","","06/2016"
"696908401","S","53595","V06","DATSCAN","06/2018","1","06/2018","1","","1","3","","07/2018","2020-06-29 16:25:31","","07/2018"
"579448501","S","55441","SC","DATSCAN","07/2016","1","07/2016","1","","1","","","07/2016","2020-06-29 17:37:43","","07/2016"
"699690301","S","55441","V06","DATSCAN","07/2018","1","07/2018","1","","1","","","07/2018","2020-06-29 17:37:45","","07/2018"
"581667101","S","55124","SC","DATSCAN","06/2016","1","06/2016","1","","1","1","","08/2016","2020-06-25 16:34:19","","08/2016"
"698026301","S","55124","V06","DATSCAN","07/2018","1","07/2018","1","","1","3","","07/2018","2020-06-25 17:03:40","","07/2018"
"578784701","S","41356","SC","DATSCAN","01/2016","0","","","","","","","07/2016","2020-06-24 10:18:57","","07/2016"
"699320601","S","41356","V06","DATSCAN","07/2018","0","","","","","","","07/2018","2020-06-24 10:18:59","","07/2018"
"585922801","S","54695","SC","DATSCAN","07/2016","1","07/2016","1","","1","1","","08/2016","2020-06-30 13:30:28","","08/2016"
"698063601","S","54695","V06","DATSCAN","06/2018","1","06/2018","1","","1","","","07/2018","2020-06-30 13:56:20","","07/2018"
"590243401","S","51518","SC","DATSCAN","09/2016","1","09/2016","1","","1","3","","09/2016","2020-06-30 17:17:12","","09/2016"
"705946201","S","51518","V06","DATSCAN","09/2018","1","09/2018","1","","1","3","","09/2018","2020-06-30 17:17:32","","09/2018"
"584821001","S","55875","SC","DATSCAN","08/2016","1","08/2016","1","","1","3","","08/2016","2020-06-29 17:44:20","","08/2016"
"711030301","S","55875","V06","DATSCAN","09/2018","1","09/2018","1","","1","3","","10/2018","2020-06-29 17:44:22","","10/2018"
"588263501","S","56744","SC","DATSCAN","09/2016","1","09/2016","1","","1","1","","09/2016","2020-06-30 13:32:23","","09/2016"
"707483401","S","56744","V06","DATSCAN","09/2018","1","09/2018","1","","1","3","","09/2018","2020-06-30 13:56:34","","09/2018"
"589963901","S","55251","SC","DATSCAN","09/2016","1","09/2016","1","","1","1","","09/2016","2020-06-30 13:33:04","","09/2016"
"712467201","S","55251","V06","DATSCAN","10/2018","1","10/2018","1","","1","3","","10/2018","2020-06-30 13:56:46","","10/2018"
"594527801","S","51971","SC","DATSCAN","10/2016","1","10/2016","1","","1","1","","10/2016","2020-06-30 13:35:46","","10/2016"
"712073001","S","51971","V06","DATSCAN","10/2018","1","10/2018","1","","1","3","","10/2018","2020-06-30 13:56:44","","10/2018"
"598326301","S","50195","SC","DATSCAN","10/2016","1","10/2016","1","","1","3","","10/2016","2020-06-26 17:36:15","","10/2016"
"595539301","S","41438","SC","DATSCAN","09/2016","1","09/2016","1","","1","1","","10/2016","2020-06-30 17:19:34","","10/2016"
"721211401","S","41438","V06","DATSCAN","12/2018","0","","","","","","","12/2018","2020-06-30 17:20:06","","12/2018"
"604982301","S","56435","SC","DATSCAN","11/2016","1","11/2016","1","","1","1","","12/2016","2021-10-13 00:00:00","","12/2016"
"718225201","S","56435","V06","DATSCAN","11/2018","1","11/2018","1","","1","3","","12/2018","2020-06-23 15:55:47","","12/2018"
"599145601","S","56761","SC","DATSCAN","10/2016","1","10/2016","1","","1","1","","11/2016","2020-06-30 13:38:26","","11/2016"
"602829601","S","40735","SC","DATSCAN","11/2016","1","11/2016","1","","1","1","","11/2016","2020-06-30 17:11:34","","11/2016"
"728835701","S","40735","V06","DATSCAN","02/2019","1","02/2019","1","","1","3","","02/2019","2020-06-30 17:11:45","","02/2019"
"604006001","S","42429","SC","DATSCAN","08/2016","0","","","","","","","11/2016","2020-06-23 16:34:26","","11/2016"
"707013901","S","42429","V06","DATSCAN","09/2018","0","","","","","","","09/2018","2020-06-23 16:34:28","","09/2018"
"602994101","S","41749","SC","DATSCAN","07/2016","1","07/2016","2","1","1","1","","11/2016","2020-06-24 09:57:33","","11/2016"
"706149601","S","41749","V06","DATSCAN","08/2018","1","08/2018","2","1","1","3","","09/2018","2020-06-24 09:57:35","","09/2018"
"604679301","S","42438","SC","DATSCAN","09/2016","0","","","","","","","12/2016","2020-06-30 17:13:34","","12/2016"
"711666301","S","42438","V06","DATSCAN","10/2018","0","","","","","","","10/2018","2020-06-30 17:14:40","","10/2018"
"720369701","S","42438","U01","DATSCAN","11/2018","1","11/2018","1","","1","3","","12/2018","2020-06-15 15:25:10","","12/2018"
"719030301","S","42351","V06","DATSCAN","11/2018","0","","","","","","","12/2018","2020-06-30 17:14:48","","12/2018"
"733779701","S","42351","U01","DATSCAN","03/2019","1","03/2019","1","","1","1","","03/2019","2020-06-15 15:15:58","","03/2019"
"766842001","S","42351","SC","DATSCAN","12/2016","1","12/2016","1","","1","1","","02/2020","2021-10-13 00:00:00","","02/2020"
"606721501","S","42346","SC","DATSCAN","11/2016","1","11/2016","1","","1","1","","12/2016","2020-06-30 17:13:36","","12/2016"
"714886401","S","42346","V06","DATSCAN","11/2018","0","","","","","","","11/2018","2020-06-30 17:14:46","","11/2018"
"606531801","S","57869","SC","DATSCAN","11/2016","1","11/2016","1","","1","1","","12/2016","2020-06-30 13:39:11","","12/2016"
"721435001","S","57869","V06","DATSCAN","12/2018","1","12/2018","1","","1","3","","12/2018","2020-06-30 13:57:01","","12/2018"
"607227001","S","55395","SC","DATSCAN","12/2016","1","12/2016","1","","1","1","","12/2016","2020-06-30 17:25:04","","12/2016"
"727085401","S","55395","V06","DATSCAN","01/2019","1","01/2019","1","","1","","","02/2019","2020-06-30 17:25:17","","02/2019"
"634406501","S","42447","SC","DATSCAN","01/2017","1","01/2017","1","","1","1","","05/2017","2020-06-24 10:20:48","","03/2017"
"720363601","S","42447","V06","DATSCAN","12/2018","0","","","","","","","12/2018","2020-06-24 10:20:50","","12/2018"
"637209901","S","58510","SC","DATSCAN","06/2017","1","06/2017","1","","1","1","","06/2017","2020-06-24 09:35:39","","06/2017"
"746338901","S","58510","V06","DATSCAN","06/2019","1","06/2019","1","1","1","3","","07/2019","2020-06-24 09:35:41","","07/2019"
"618696801","S","41829","SC","DATSCAN","02/2017","1","02/2017","2","1","1","1","","02/2017","2020-06-30 17:28:48","","02/2017"
"740084401","S","41829","V06","DATSCAN","01/2019","0","","","","","","","05/2019","2020-06-30 17:29:48","","05/2019"
"613413701","S","57887","SC","DATSCAN","01/2017","1","01/2017","1","","1","1","","01/2017","2020-06-30 13:43:12","","01/2017"
"732170501","S","57887","V06","DATSCAN","02/2019","1","02/2019","2","1","1","3","","03/2019","2020-06-30 13:57:18","","03/2019"
"612227401","S","42009","SC","DATSCAN","01/2017","1","01/2017","1","","1","1","","01/2017","2020-06-26 20:59:34","","01/2017"
"634406201","S","42448","SC","DATSCAN","02/2017","1","02/2017","1","","1","1","","05/2017","2020-06-30 17:14:00","","01/2017"
"723152501","S","42448","V06","DATSCAN","01/2019","0","","","","","","","01/2019","2020-06-30 17:14:53","","01/2019"
"614162501","S","42452","SC","DATSCAN","12/2016","0","","","","","","","01/2017","2020-06-24 10:22:18","","01/2017"
"620955101","S","42453","SC","DATSCAN","12/2016","0","","","","","","","03/2017","2020-06-30 17:13:54","","03/2017"
"614464901","S","42454","SC","DATSCAN","12/2016","0","","","","","","","01/2017","2020-06-24 10:24:21","","01/2017"
"726441401","S","42454","V06","DATSCAN","01/2019","0","","","","","","","01/2019","2020-06-24 10:24:23","","01/2019"
"614935401","S","42451","SC","DATSCAN","12/2016","0","","","","","","","02/2017","2020-06-30 17:13:51","","02/2017"
"615961701","S","58431","SC","DATSCAN","01/2017","1","01/2017","1","","1","1","","02/2017","2020-06-26 17:36:55","","02/2017"
"730514001","S","58431","V06","DATSCAN","02/2019","0","","","","","","","02/2019","2020-06-26 17:44:07","","02/2019"
"617133301","S","56558","SC","DATSCAN","02/2017","1","02/2017","1","","1","3","","02/2017","2020-06-29 17:47:05","","02/2017"
"743757801","S","56558","V06","DATSCAN","05/2019","1","05/2019","1","","1","1","","06/2019","2020-06-29 17:47:07","","06/2019"
"616047501","S","41767","SC","DATSCAN","01/2017","1","01/2017","2","1","1","3","","02/2017","2020-06-30 17:28:46","","02/2017"
"728609801","S","41767","V06","DATSCAN","02/2019","1","02/2019","2","1","1","3","","02/2019","2020-06-30 17:29:44","","02/2019"
"623212301","S","57037","SC","DATSCAN","02/2017","1","02/2017","1","","1","3","","03/2017","2020-06-29 09:27:56","","03/2017"
"687745401","S","57037","PW","DATSCAN","05/2018","0","","","","","","","05/2018","2020-06-29 09:27:56","","05/2018"
"681754701","S","41180","SC","DATSCAN","02/2017","0","","","","","","","04/2018","2020-02-18 13:57:58","","04/2018"
"623106901","S","53060","SC","DATSCAN","09/2016","1","09/2016","1","","1","1","","03/2017","2020-06-16 16:43:16","","03/2017"
"622289701","S","42456","SC","DATSCAN","02/2017","0","","","","","","","03/2017","2020-06-30 17:13:55","","03/2017"
"622526501","S","42455","SC","DATSCAN","02/2017","1","02/2017","1","","1","3","","03/2017","2020-06-24 10:25:29","","03/2017"
"725307101","S","42455","V06","DATSCAN","01/2019","0","","","","","","","01/2019","2020-06-24 10:25:30","","01/2019"
"623409801","S","42014","SC","DATSCAN","03/2017","1","03/2017","1","","1","1","","03/2017","2020-06-26 21:00:40","","03/2017"
"624357601","S","42378","SC","DATSCAN","02/2017","1","02/2017","1","","1","1","","03/2017","2020-06-30 17:19:38","","03/2017"
"742937701","S","42378","V06","DATSCAN","04/2019","0","","","","","","","06/2019","2020-06-30 17:20:10","","06/2019"
"626761901","S","57090","SC","DATSCAN","04/2017","1","04/2017","1","","1","3","","04/2017","2020-06-29 17:48:25","","04/2017"
"743761401","S","57090","V06","DATSCAN","04/2019","1","04/2019","1","","1","1","","06/2019","2020-06-29 17:48:27","","06/2019"
"643252501","S","42269","SC","DATSCAN","07/2017","1","07/2017","1","","1","1","","07/2017","2020-06-30 17:22:30","","07/2017"
"750048401","S","42269","V06","DATSCAN","07/2019","1","07/2019","1","","1","","","07/2019","2020-06-30 17:23:14","","07/2019"
"628594601","S","58030","SC","DATSCAN","04/2017","1","04/2017","1","","1","1","","04/2017","2020-06-30 13:54:23","","04/2017"
"742246501","S","58030","V06","DATSCAN","05/2019","1","05/2019","1","","1","3","","06/2019","2020-06-30 13:57:30","","06/2019"
"637399601","S","41886","SC","DATSCAN","04/2017","1","04/2017","2","1","1","1","","06/2017","2020-06-30 17:29:00","","06/2017"
"745089101","S","41886","V06","DATSCAN","05/2019","1","05/2019","2","1","1","3","","06/2019","2020-06-30 17:29:51","","06/2019"
"634103801","S","58454","SC","DATSCAN","04/2017","1","04/2017","1","","1","1","","05/2017","2020-06-25 16:43:25","","05/2017"
"749241901","S","58454","V06","DATSCAN","07/2019","1","07/2019","1","","1","3","","07/2019","2020-06-25 17:15:03","","07/2019"
"635469701","S","57798","SC","DATSCAN","05/2017","1","05/2017","2","1","1","3","","05/2017","2020-06-30 17:28:58","","06/2017"
"744452101","S","57798","V06","DATSCAN","06/2019","0","","","","","","","06/2019","2020-06-30 17:29:51","","06/2019"
"635044001","S","59398","SC","DATSCAN","05/2017","1","05/2017","1","","1","1","","05/2017","2020-06-23 16:07:26","","05/2017"
"736035801","S","59398","V06","DATSCAN","04/2019","1","04/2019","1","","1","","","04/2019","2020-06-23 16:07:29","","04/2019"
"638614101","S","42379","SC","DATSCAN","05/2017","1","05/2017","1","","1","1","","06/2017","2020-06-23 16:35:31","","06/2017"
"744704301","S","42379","V06","DATSCAN","06/2019","0","","","","","","","06/2019","2020-06-23 16:35:33","","06/2019"
"726581201","S","72826","SC","DATSCAN","01/2019","1","01/2019","1","","1","3","","01/2019","2020-06-30 17:08:49","","01/2019"
"638900401","S","58420","SC","DATSCAN","06/2017","1","06/2017","1","","1","3","","06/2017","2020-06-30 14:49:39","","06/2017"
"750733401","S","58420","V06","DATSCAN","07/2019","1","07/2019","1","","1","","","07/2019","2020-06-30 14:49:41","","07/2019"
"642931801","S","57127","SC","DATSCAN","06/2017","1","06/2017","1","","1","2","","07/2017","2021-10-13 00:00:00","","07/2017"
"752807601","S","57127","V06","DATSCAN","08/2019","1","08/2019","1","","1","3","","08/2019","2020-06-30 13:57:46","","08/2019"
"647485101","S","70326","SC","DATSCAN","08/2017","1","08/2017","1","","1","1","","08/2017","2020-06-30 13:54:48","","08/2017"
"751637801","S","70326","V06","DATSCAN","08/2019","1","08/2019","1","","1","3","","08/2019","2020-06-30 13:57:43","","08/2019"
"644811601","S","70354","SC","DATSCAN","07/2017","1","07/2017","1","","1","1","","07/2017","2020-06-30 13:54:45","","07/2017"
"645599901","S","56850","BL","DATSCAN","07/2017","0","","","","","","","07/2017","2020-06-26 17:12:04","","07/2017"
"659871301","S","40740","SC","DATSCAN","10/2017","1","10/2017","1","","1","1","","10/2017","2020-06-23 16:31:25","","10/2017"
"760008501","S","40740","V06","DATSCAN","11/2019","0","","","","","","","11/2019","2020-06-23 16:31:27","","11/2019"
"646878401","S","58550","SC","DATSCAN","07/2017","1","07/2017","1","","1","1","","08/2017","2020-06-30 13:54:46","","08/2017"
"755634501","S","58550","V06","DATSCAN","09/2019","1","09/2019","1","","1","3","","09/2019","2020-06-30 13:57:50","","09/2019"
"644735601","S","40533","SC","DATSCAN","06/2017","1","06/2017","1","","1","1","","07/2017","2020-06-28 15:36:22","","07/2017"
"739121201","S","40533","V06","DATSCAN","04/2019","0","","","","","","","05/2019","2020-06-28 15:36:24","","05/2019"
"645242701","S","40534","SC","DATSCAN","06/2017","0","","","","","","","07/2017","2020-06-28 15:36:51","","07/2017"
"746417601","S","40534","V06","DATSCAN","06/2019","1","06/2019","1","","1","","","07/2019","2020-06-28 15:36:53","","07/2019"
"649519101","S","59507","SC","DATSCAN","08/2017","1","08/2017","1","","1","1","","08/2017","2020-06-03 13:52:22","","08/2017"
"753953001","S","59507","V06","DATSCAN","08/2019","1","08/2019","1","","1","","","08/2019","2020-06-03 13:52:25","","08/2019"
"650105101","S","59724","SC","DATSCAN","08/2017","1","08/2017","1","","1","1","","08/2017","2020-06-23 16:10:52","","08/2017"
"753790001","S","59724","V06","DATSCAN","08/2019","1","08/2019","1","","1","3","","08/2019","2020-06-23 16:10:54","","08/2019"
"648512601","S","70463","SC","DATSCAN","08/2017","1","08/2017","1","","1","3","","08/2017","2020-06-30 17:25:08","","08/2017"
"756230801","S","70463","V06","DATSCAN","09/2019","1","09/2019","1","","1","3","","09/2019","2020-06-30 17:25:20","","09/2019"
"650224001","S","58671","SC","DATSCAN","08/2017","1","08/2017","1","","1","","","08/2017","2020-06-23 16:05:32","","08/2017"
"753060501","S","58671","V06","DATSCAN","08/2019","1","08/2019","1","","1","1","","08/2019","2020-06-23 16:05:35","","08/2019"
"677210401","S","41854","SC","DATSCAN","04/2017","1","04/2017","2","1","1","1","","02/2018","2020-06-30 17:29:15","","02/2018"
"758902301","S","41854","V06","DATSCAN","04/2019","1","04/2019","2","1","1","3","","10/2019","2020-06-30 17:29:54","","10/2019"
"653915601","S","58783","SC","DATSCAN","08/2017","1","08/2017","1","","1","1","","09/2017","2020-06-30 13:54:56","","09/2017"
"751893801","S","58783","V06","DATSCAN","08/2019","1","08/2019","1","","1","","","08/2019","2020-06-30 13:57:44","","08/2019"
"653129201","S","58141","SC","DATSCAN","08/2017","1","08/2017","1","","1","3","","09/2017","2020-06-30 14:47:46","","09/2017"
"654052801","S","40539","SC","DATSCAN","08/2017","0","","","","","","","09/2017","2020-06-28 15:39:22","","09/2017"
"658009101","S","59121","SC","DATSCAN","09/2017","1","09/2017","1","","1","1","","10/2017","2020-06-30 13:55:06","","10/2017"
"757195401","S","59121","V06","DATSCAN","10/2019","1","10/2019","2","1","1","3","","10/2019","2020-06-30 13:57:54","","10/2019"
"656160901","S","40744","SC","DATSCAN","09/2017","1","09/2017","1","","1","1","","10/2017","2020-06-30 17:11:40","","10/2017"
"761468801","S","40744","V06","DATSCAN","11/2019","1","11/2019","1","","1","3","","11/2019","2020-06-30 17:11:47","","11/2019"
"658042501","S","70188","SC","DATSCAN","10/2017","1","10/2017","2","1","1","1","","10/2017","2020-06-30 13:55:06","","10/2017"
"759265201","S","70188","V06","DATSCAN","10/2019","1","10/2019","1","1","1","3","","11/2019","2020-06-30 13:58:00","","11/2019"
"658948801","S","59649","SC","DATSCAN","10/2017","1","10/2017","1","","1","1","","10/2017","2020-06-30 13:55:08","","10/2017"
"757670501","S","59649","V06","DATSCAN","10/2019","1","10/2019","1","","1","3","","10/2019","2020-06-30 13:57:55","","10/2019"
"658123001","S","58438","SC","DATSCAN","09/2017","1","09/2017","1","","1","3","","10/2017","2022-05-26 00:00:00","","10/2017"
"658631101","S","54161","SC","DATSCAN","09/2017","0","","","","","","","10/2017","2020-06-29 16:38:53","","10/2017"
"758524301","S","54161","V06","DATSCAN","10/2019","1","10/2019","1","","0","","","10/2019","2020-06-29 16:38:56","","10/2019"
"661177101","S","42415","SC","DATSCAN","12/2016","0","","","","","","","11/2017","2020-06-30 17:14:12","","11/2017"
"721062101","S","42415","V06","DATSCAN","12/2018","0","","","","","","","12/2018","2020-06-30 17:14:51","","12/2018"
"663152101","S","71809","SC","DATSCAN","11/2017","1","11/2017","1","","1","1","","11/2017","2020-06-30 13:55:19","","11/2017"
"759728801","S","71809","V06","DATSCAN","11/2019","1","11/2019","1","","1","3","","11/2019","2020-06-30 13:58:03","","11/2019"
"663459001","S","71189","SC","DATSCAN","10/2017","1","10/2017","1","","1","3","","11/2017","2020-06-30 17:08:09","","11/2017"
"757340901","S","71189","V06","DATSCAN","10/2019","1","10/2019","1","","1","","","10/2019","2020-06-30 17:09:05","","10/2019"
"663486001","S","71978","SC","DATSCAN","11/2017","1","11/2017","1","","1","3","","11/2017","2020-06-30 17:08:10","","11/2017"
"762843701","S","71978","V06","DATSCAN","12/2019","1","12/2019","1","","1","","","12/2019","2020-06-30 17:09:14","","12/2019"
"667624201","S","72784","SC","DATSCAN","11/2017","1","11/2017","1","","1","3","","12/2017","2020-06-30 17:08:14","","12/2017"
"762698401","S","72784","V06","DATSCAN","12/2019","0","","","","","","","12/2019","2020-06-30 17:09:13","","12/2019"
"666061301","S","41437","SC","DATSCAN","10/2017","0","","","","","","","12/2017","2020-06-30 17:19:47","","12/2017"
"769342101","S","41437","V06","DATSCAN","01/2020","0","","","","","","","03/2020","2020-06-30 17:20:20","","03/2020"
"665232001","S","40540","SC","DATSCAN","10/2017","0","","","","","","","12/2017","2020-06-28 15:40:00","","12/2017"
"749333601","S","40540","V06","DATSCAN","06/2019","0","","","","","","","07/2019","2020-06-28 15:40:02","","07/2019"
"665614601","S","57813","SC","DATSCAN","11/2017","1","11/2017","1","","1","3","","12/2017","2020-06-30 14:45:13","","12/2017"
"762694001","S","57813","V06","DATSCAN","12/2019","1","12/2019","1","","1","","","12/2019","2020-06-30 14:45:15","","12/2019"
"667181901","S","40541","SC","DATSCAN","10/2017","1","10/2017","1","","1","1","","12/2017","2020-06-28 15:41:11","","12/2017"
"761327701","S","40541","V06","DATSCAN","11/2019","1","11/2019","1","1","1","","","11/2019","2020-06-28 15:41:13","","11/2019"
"670152701","S","40542","SC","DATSCAN","10/2017","1","10/2017","1","","1","1","","01/2018","2020-06-28 15:42:33","","01/2018"
"743484401","S","40542","V06","DATSCAN","06/2019","0","","","","","","","06/2019","2020-06-28 15:42:35","","06/2019"
"667972101","S","40538","SC","DATSCAN","07/2017","1","07/2017","1","","1","1","","12/2017","2020-06-24 09:59:48","","12/2017"
"754780401","S","40538","V06","DATSCAN","07/2019","1","07/2019","1","1","1","","","09/2019","2020-06-24 09:59:50","","09/2019"
"668685701","S","40543","SC","DATSCAN","10/2017","1","10/2017","1","","1","1","","12/2017","2020-06-28 15:43:31","","12/2017"
"760850801","S","40543","V06","DATSCAN","10/2019","1","10/2019","1","1","1","","","11/2019","2020-06-28 15:43:33","","11/2019"
"670581001","S","40544","SC","DATSCAN","11/2017","0","","","","","","","01/2018","2020-06-28 15:44:24","","01/2018"
"674595301","S","73614","SC","DATSCAN","01/2018","1","01/2018","1","","1","1","","02/2018","2020-06-30 13:55:37","","02/2018"
"682363401","S","40745","SC","DATSCAN","01/2018","0","","","","","","","04/2018","2020-02-18 14:15:12","","04/2018"
"674893401","S","42407","SC","DATSCAN","01/2018","1","01/2018","1","","1","1","","02/2018","2020-06-24 10:27:17","","02/2018"
"769515101","S","42407","V06","DATSCAN","02/2020","0","","","","","","","03/2020","2020-06-24 10:27:19","","03/2020"
"677902301","S","42357","SC","DATSCAN","01/2017","0","","","","","","","03/2018","2020-06-30 17:14:24","","03/2018"
"682650401","S","42418","SC","DATSCAN","02/2017","0","","","","","","","04/2018","2020-06-30 17:14:29","","04/2018"
"728385401","S","42418","V06","DATSCAN","02/2019","0","","","","","","","02/2019","2020-06-30 17:14:55","","02/2019"
"677375601","S","42724","SC","DATSCAN","02/2018","1","02/2018","2","1","1","3","","02/2018","2020-06-30 17:29:16","","02/2018"
"691793901","S","71935","SC","DATSCAN","04/2018","1","04/2018","2","1","1","1","","05/2018","2020-06-30 17:29:34","","05/2018"
"680130101","S","42710","SC","DATSCAN","02/2018","1","02/2018","2","1","1","1","","03/2018","2020-06-30 17:29:19","","03/2018"
"681600901","S","74199","SC","DATSCAN","03/2018","1","03/2018","1","","1","1","","04/2018","2020-06-30 13:55:47","","04/2018"
"681235901","S","70818","SC","DATSCAN","02/2018","1","02/2018","1","","1","3","","03/2018","2020-06-30 17:08:21","","03/2018"
"766144201","S","70818","V06","DATSCAN","01/2020","1","01/2020","1","","1","","","01/2020","2020-06-30 17:09:16","","01/2020"
"681477801","S","42412","SC","DATSCAN","03/2018","0","","","","","","","04/2018","2020-06-30 17:19:53","","04/2018"
"687490501","S","74817","SC","DATSCAN","04/2018","1","04/2018","2","1","1","3","","05/2018","2020-06-30 17:29:29","","05/2018"
"688978601","S","56405","SC","DATSCAN","04/2018","1","04/2018","1","","1","1","","05/2018","2020-06-30 13:56:06","","05/2018"
"709954301","S","40816","SC","DATSCAN","02/2018","1","02/2018","2","1","1","3","","10/2018","2020-06-30 16:51:22","","10/2018"
"769757601","S","40816","V06","DATSCAN","03/2020","0","","","","","","","03/2020","2020-06-30 16:51:23","","03/2020"
"690465801","S","74034","SC","DATSCAN","04/2018","1","04/2018","1","","1","1","","05/2018","2020-06-30 13:56:09","","05/2018"
"690975801","S","41801","SC","DATSCAN","04/2018","1","04/2018","2","1","1","1","","05/2018","2020-06-30 17:29:34","","05/2018"
"692163901","S","41299","SC","DATSCAN","12/2016","0","","","","","","","06/2018","2020-06-30 17:14:33","","06/2018"
"692334701","S","74067","SC","DATSCAN","05/2018","1","05/2018","1","","1","1","","06/2018","2020-06-30 13:56:12","","06/2018"
"698260101","S","41614","SC","DATSCAN","04/2018","0","","","","","","","07/2018","2020-02-18 13:58:58","","07/2018"
"691288101","S","73115","SC","DATSCAN","05/2018","1","05/2018","1","","1","1","","05/2018","2020-06-18 14:48:38","","05/2018"
"771105601","S","42396","U01","DATSCAN","12/2019","1","12/2019","1","1","1","1","","05/2020","2020-06-30 17:20:23","","05/2020"
"696938101","S","42396","SC","DATSCAN","06/2018","0","","","","","","","07/2018","2020-06-30 17:19:57","","07/2018"
"693608901","S","40549","SC","DATSCAN","05/2018","0","","","","","","","06/2018","2020-06-24 10:00:59","","06/2018"
"703414801","S","73887","SC","DATSCAN","06/2018","1","06/2018","1","","1","1","","08/2018","2020-06-30 13:56:29","","08/2018"
"695972601","S","43045","SC","DATSCAN","06/2018","0","","","","","","","06/2018","2020-06-24 10:01:57","","06/2018"
"696057201","S","42411","SC","DATSCAN","05/2018","1","05/2018","1","","1","1","","07/2018","2020-06-24 10:28:11","","07/2018"
"709946001","S","42888","SC","DATSCAN","09/2018","1","09/2018","2","1","1","3","","10/2018","2020-06-30 17:29:40","","10/2018"
"706720101","S","73673","SC","DATSCAN","09/2018","1","09/2018","1","","1","1","","09/2018","2020-06-24 13:14:18","","09/2018"
"707236601","S","43081","SC","DATSCAN","08/2018","1","08/2018","1","","1","1","","09/2018","2020-06-24 10:31:29","","09/2018"
"710190801","S","42413","SC","DATSCAN","07/2018","0","","","","","","","10/2018","2020-06-24 10:30:03","","10/2018"
"710260501","S","43047","SC","DATSCAN","08/2018","0","","","","","","","10/2018","2020-06-23 16:29:47","","10/2018"
"710230701","S","43046","SC","DATSCAN","06/2018","0","","","","","","","10/2018","2020-06-28 15:49:30","","10/2018"
"727224501","S","75537","SC","DATSCAN","10/2018","1","10/2018","1","","1","1","","02/2019","2020-02-18 13:50:16","","02/2019"
"726096901","S","75409","SC","DATSCAN","01/2019","1","01/2019","1","","1","1","","01/2019","2020-06-30 13:57:08","","01/2019"
"720477501","S","75484","SC","DATSCAN","11/2018","1","11/2018","1","","1","1","","12/2018","2020-06-30 17:17:36","","12/2018"
"717819501","S","73935","SC","DATSCAN","11/2018","1","11/2018","1","","1","3","","12/2018","2020-06-18 14:50:53","","12/2018"
"716658601","S","75421","SC","DATSCAN","10/2018","1","10/2018","1","","1","3","","11/2018","2020-06-30 17:08:35","","11/2018"
"719126101","S","51914","SC","DATSCAN","11/2018","1","11/2018","1","","1","1","","12/2018","2020-06-03 13:54:19","","12/2018"
"718639301","S","75524","SC","DATSCAN","11/2018","1","11/2018","1","","1","3","","12/2018","2020-06-25 17:14:09","","12/2018"
"723528301","S","75480","SC","DATSCAN","01/2019","1","01/2019","1","","1","3","","01/2019","2020-06-30 17:08:47","","01/2019"
"721186101","S","43083","SC","DATSCAN","11/2018","1","11/2018","1","1","1","1","","12/2018","2020-06-30 17:20:05","","12/2018"
"721225101","S","43082","SC","DATSCAN","12/2018","1","12/2018","1","","1","1","","12/2018","2020-06-30 17:20:05","","12/2018"
"724488501","S","75562","SC","DATSCAN","01/2019","1","01/2019","1","","1","3","","01/2019","2020-06-25 17:14:49","","01/2019"
"726005001","S","71093","SC","DATSCAN","01/2019","1","01/2019","1","","1","3","","01/2019","2020-06-25 17:14:50","","01/2019"
"727159901","S","70205","SC","DATSCAN","10/2018","1","10/2018","1","","1","2","","02/2019","2020-02-12 14:11:43","","02/2019"
"727865501","S","42034","SC","DATSCAN","01/2019","1","01/2019","1","","1","1","","02/2019","2020-06-26 21:07:44","","02/2019"
"728219701","S","42035","SC","DATSCAN","01/2019","1","01/2019","1","","1","1","","02/2019","2020-02-12 14:13:11","","02/2019"
"728523501","S","42079","SC","DATSCAN","01/2019","1","01/2019","1","","1","3","","02/2019","2020-06-26 15:49:35","","02/2019"
"730650101","S","75505","SC","DATSCAN","02/2019","1","02/2019","1","","1","1","","03/2019","2020-06-24 19:30:45","","03/2019"
"730069001","S","42033","SC","DATSCAN","02/2019","1","02/2019","1","","1","1","","02/2019","2020-06-26 21:07:45","","02/2019"
"743961701","S","57880","SC","DATSCAN","06/2019","1","06/2019","1","","1","1","","06/2019","2020-06-24 19:21:02","","03/2019"
"768045401","S","5018","SC","DATSCAN","02/2020","1","02/2020","1","","1","2","","02/2020","2020-05-01 14:58:42","","02/2020"
"764257901","S","5017","SC","DATSCAN","01/2020","1","01/2020","1","","1","1","","01/2020","2020-05-01 14:43:27","","01/2020"
"738099201","S","50027","SC","DATSCAN","03/2019","1","03/2019","1","","1","1","","05/2019","2020-06-24 19:08:44","","05/2019"
"752217401","S","55468","SC","DATSCAN","06/2019","0","","","","","","","08/2019","2020-06-05 15:36:10","","08/2019"
"750164301","S","40750","SC","DATSCAN","07/2019","0","","","","","","","07/2019","2020-06-30 17:20:11","","07/2019"
"754289101","S","40767","SC","DATSCAN","06/2019","1","06/2019","1","1","1","3","","09/2019","2020-06-30 17:20:13","","09/2019"
"754473101","S","43086","SC","DATSCAN","05/2019","0","","","","","","","09/2019","2020-06-30 17:20:13","","09/2019"
"737612201","S","5000","SC","DATSCAN","04/2019","1","04/2019","2","1","1","1","","04/2019","2020-05-01 14:44:56","","04/2019"
"758295801","S","5000","V02","DATSCAN","10/2019","1","10/2019","1","","1","3","","10/2019","2022-03-12 00:00:00","","10/2019"
"738276301","S","5001","SC","DATSCAN","05/2019","1","05/2019","2","1","1","1","","05/2019","2020-05-01 14:45:46","","05/2019"
"763149401","S","5001","V02","DATSCAN","12/2019","1","12/2019","1","","1","3","","12/2019","2022-03-12 00:00:00","","12/2019"
"742484401","S","5002","SC","DATSCAN","06/2019","1","06/2019","2","1","1","1","","06/2019","2020-05-01 14:46:39","","06/2019"
"762957801","S","5002","V02","DATSCAN","12/2019","1","12/2019","1","","1","3","","12/2019","2022-03-12 00:00:00","","12/2019"
"744336701","S","5003","SC","DATSCAN","06/2019","1","06/2019","1","","1","1","","06/2019","2020-05-01 14:47:28","","06/2019"
"763942001","S","5003","V02","DATSCAN","12/2019","1","12/2019","1","","1","3","","01/2020","2022-03-12 00:00:00","","01/2020"
"767590701","S","5004","V02","DATSCAN","02/2020","1","02/2020","1","","1","3","","02/2020","2022-03-12 00:00:00","","02/2020"
"746437201","S","5004","SC","DATSCAN","07/2019","1","07/2019","1","1","1","1","","07/2019","2020-05-01 14:48:05","","07/2019"
"749694301","S","5005","SC","DATSCAN","07/2019","1","07/2019","1","","1","2","","07/2019","2020-02-18 13:24:47","","07/2019"
"749690201","S","5006","SC","DATSCAN","07/2019","1","07/2019","1","","1","1","","07/2019","2020-05-01 14:48:57","","07/2019"
"768900601","S","5006","V02","DATSCAN","03/2020","1","03/2020","1","","1","3","","03/2020","2022-03-12 00:00:00","","03/2020"
"751952001","S","5007","SC","DATSCAN","08/2019","1","08/2019","1","","1","1","","08/2019","2020-05-01 14:50:47","","08/2019"
"766127401","S","5007","V02","DATSCAN","01/2020","1","01/2020","1","","1","3","","01/2020","2022-03-12 00:00:00","","01/2020"
"752710301","S","5008","SC","DATSCAN","08/2019","1","08/2019","1","","1","1","","08/2019","2020-05-01 14:51:18","","08/2019"
"768688801","S","5008","V02","DATSCAN","02/2020","1","02/2020","1","","1","3","","03/2020","2022-03-12 00:00:00","","03/2020"
"751954001","S","5009","SC","DATSCAN","08/2019","1","08/2019","1","","1","1","","08/2019","2020-05-01 14:51:47","","08/2019"
"769295901","S","5009","V02","DATSCAN","03/2020","1","03/2020","1","","1","3","","03/2020","2022-03-12 00:00:00","","03/2020"
"753265401","S","5010","SC","DATSCAN","08/2019","1","08/2019","1","","1","1","","08/2019","2020-02-18 13:24:59","","08/2019"
"756077101","S","5011","SC","DATSCAN","09/2019","1","09/2019","1","","1","1","","09/2019","2020-05-01 14:52:59","","09/2019"
"757050901","S","5012","SC","DATSCAN","10/2019","1","10/2019","1","","1","1","","10/2019","2020-05-01 14:36:51","","10/2019"
"758773301","S","5013","SC","DATSCAN","10/2019","1","10/2019","1","","1","1","","10/2019","2020-05-01 14:39:04","","10/2019"
"763142001","S","5014","SC","DATSCAN","12/2019","1","12/2019","1","","1","1","","12/2019","2020-05-01 14:40:10","","12/2019"
"762147801","S","5015","SC","DATSCAN","12/2019","1","12/2019","1","","1","1","","12/2019","2020-05-01 14:41:02","","12/2019"
"762149901","S","5016","SC","DATSCAN","12/2019","1","12/2019","1","","1","1","","12/2019","2020-05-01 14:41:44","","12/2019"